,concert_id,city_id,concert_name,concert_date,concert_time,location
0,0,55,The Tucson Philharmonic,1/1/2022,17:00,"Tucson, Arizona"
1,1,222,The Olympia Music Festival,1/1/2022,19:00,"Olympia, Washington"
2,2,5,The Philadelphia Open Mic,1/2/2022,22:00,"Philadelphia, Pennsylvania"
3,3,60,The Albuquerque Opera House,1/4/2022,21:00,"Albuquerque, New Mexico"
4,4,35,The Indianapolis Music Festival,1/4/2022,17:00,"Indianapolis, Indiana"
5,5,0,The New York City Opera House,1/4/2022,19:00,"New York City, New York"
6,6,55,The Tucson Opera House,1/5/2022,10:00,"Tucson, Arizona"
7,7,24,The San Antonio Rave,1/7/2022,15:00,"San Antonio, Texas"
8,8,4,The Dallas Opera House,1/12/2022,10:00,"Dallas, Texas"
9,9,222,The Olympia EDM festival,1/12/2022,11:00,"Olympia, Washington"
10,10,25,The St. Louis Open Mic,1/12/2022,19:00,"St. Louis, Missouri"
11,11,998,The Juneau Open Mic,1/12/2022,20:00,"Juneau, Alaska"
12,12,89,The Wichita Opera House,1/12/2022,13:00,"Wichita, Kansas"
13,13,5,The Philadelphia EDM festival,1/14/2022,21:00,"Philadelphia, Pennsylvania"
14,14,30,The Pittsburgh Jazz Concert,1/16/2022,19:00,"Pittsburgh, Pennsylvania"
15,15,6,The Houston Concert for Upcoming Artists,1/20/2022,21:00,"Houston, Texas"
16,16,33,The Kansas City EDM festival,1/20/2022,14:00,"Kansas City, Missouri"
17,17,46,The Memphis Open Mic,1/22/2022,22:00,"Memphis, Tennessee"
18,18,31,The Austin Concert for Upcoming Artists,1/22/2022,20:00,"Austin, Texas"
19,19,159,The Savannah EDM festival,1/23/2022,12:00,"Savannah, Georgia"
20,20,53,The Fort Worth Music Festival,2/1/2022,21:00,"Fort Worth, Texas"
21,21,357,The Abilene Jazz Concert,2/1/2022,16:00,"Abilene, Texas"
22,22,406,The Santa Fe Concert for Upcoming Artists,2/3/2022,21:00,"Santa Fe, New Mexico"
23,23,222,The Olympia Concert for Upcoming Artists,2/4/2022,18:00,"Olympia, Washington"
24,24,5,The Philadelphia Opera House,2/6/2022,19:00,"Philadelphia, Pennsylvania"
25,25,22,The Las Vegas Jazz Concert,2/6/2022,20:00,"Las Vegas, Nevada"
26,26,159,The Savannah Philharmonic,2/6/2022,20:00,"Savannah, Georgia"
27,27,159,The Savannah Jazz Concert,2/7/2022,11:00,"Savannah, Georgia"
28,28,89,The Wichita Rave,2/10/2022,13:00,"Wichita, Kansas"
29,29,222,The Olympia Opera House,2/13/2022,18:00,"Olympia, Washington"
30,30,21,The Baltimore Philharmonic,2/15/2022,17:00,"Baltimore, Maryland"
31,31,53,The Fort Worth Music Festival,2/17/2022,19:00,"Fort Worth, Texas"
32,32,99,The Little Rock Music Festival,2/18/2022,22:00,"Little Rock, Arkansas"
33,33,262,The Garden Grove Concert for Upcoming Artists,2/20/2022,19:00,"Garden Grove, California"
34,34,24,The San Antonio EDM festival,2/22/2022,16:00,"San Antonio, Texas"
35,35,0,The New York City Open Mic,2/26/2022,11:00,"New York City, New York"
36,36,66,The Allentown Opera House,2/27/2022,17:00,"Allentown, Pennsylvania"
37,37,57,The El Paso Opera House,2/28/2022,14:00,"El Paso, Texas"
38,38,8,The Washington Jazz Concert,3/4/2022,12:00,"Washington, District of Columbia"
39,39,25,The St. Louis Concert for Upcoming Artists,3/4/2022,20:00,"St. Louis, Missouri"
40,40,17,The Denver Opera House,3/6/2022,10:00,"Denver, Colorado"
41,41,66,The Allentown Jazz Concert,3/7/2022,16:00,"Allentown, Pennsylvania"
42,42,46,The Memphis Music Festival,3/8/2022,20:00,"Memphis, Tennessee"
43,43,170,The Laredo EDM festival,3/8/2022,16:00,"Laredo, Texas"
44,44,80,The Akron Concert for Upcoming Artists,3/9/2022,11:00,"Akron, Ohio"
45,45,170,The Laredo Philharmonic,3/11/2022,20:00,"Laredo, Texas"
46,46,144,The St. Paul Rave,3/11/2022,15:00,"St. Paul, Minnesota"
47,47,66,The Allentown Open Mic,3/12/2022,14:00,"Allentown, Pennsylvania"
48,48,8,The Washington Open Mic,3/13/2022,21:00,"Washington, District of Columbia"
49,49,563,The Flagstaff Concert for Upcoming Artists,3/14/2022,22:00,"Flagstaff, Arizona"
50,50,31,The Austin Rave,3/14/2022,15:00,"Austin, Texas"
51,51,57,The El Paso Music Festival,3/15/2022,21:00,"El Paso, Texas"
52,52,4,The Dallas Open Mic,3/17/2022,22:00,"Dallas, Texas"
53,53,159,The Savannah Philharmonic,3/17/2022,20:00,"Savannah, Georgia"
54,54,33,The Kansas City Open Mic,3/17/2022,19:00,"Kansas City, Missouri"
55,55,30,The Pittsburgh Opera House,3/21/2022,18:00,"Pittsburgh, Pennsylvania"
56,56,3,The Miami Rave,3/21/2022,20:00,"Miami, Florida"
57,57,8,The Washington Jazz Concert,3/21/2022,10:00,"Washington, District of Columbia"
58,58,170,The Laredo Rave,3/26/2022,19:00,"Laredo, Texas"
59,59,150,The Anchorage Music Festival,3/28/2022,13:00,"Anchorage, Alaska"
60,60,58,The Honolulu Opera House,4/1/2022,20:00,"Honolulu, Hawaii"
61,61,3,The Miami Rave,4/2/2022,18:00,"Miami, Florida"
62,62,46,The Memphis Concert for Upcoming Artists,4/4/2022,12:00,"Memphis, Tennessee"
63,63,58,The Honolulu Opera House,4/5/2022,12:00,"Honolulu, Hawaii"
64,64,53,The Fort Worth Jazz Concert,4/5/2022,21:00,"Fort Worth, Texas"
65,65,53,The Fort Worth Concert for Upcoming Artists,4/8/2022,17:00,"Fort Worth, Texas"
66,66,33,The Kansas City Music Festival,4/11/2022,22:00,"Kansas City, Missouri"
67,67,357,The Abilene Music Festival,4/11/2022,15:00,"Abilene, Texas"
68,68,53,The Fort Worth Philharmonic,4/13/2022,20:00,"Fort Worth, Texas"
69,69,4,The Dallas Philharmonic,4/14/2022,13:00,"Dallas, Texas"
70,70,11,The Seattle Concert for Upcoming Artists,4/15/2022,12:00,"Seattle, Washington"
71,71,8,The Washington EDM festival,4/15/2022,12:00,"Washington, District of Columbia"
72,72,406,The Santa Fe Open Mic,4/16/2022,14:00,"Santa Fe, New Mexico"
73,73,11,The Seattle Jazz Concert,4/16/2022,21:00,"Seattle, Washington"
74,74,637,The Gary Music Festival,4/20/2022,22:00,"Gary, Indiana"
75,75,33,The Kansas City Philharmonic,4/21/2022,16:00,"Kansas City, Missouri"
76,76,181,The Montgomery Concert for Upcoming Artists,4/21/2022,17:00,"Montgomery, Alabama"
77,77,33,The Kansas City Concert for Upcoming Artists,4/22/2022,21:00,"Kansas City, Missouri"
78,78,6,The Houston Open Mic,4/22/2022,14:00,"Houston, Texas"
79,79,563,The Flagstaff Philharmonic,4/22/2022,16:00,"Flagstaff, Arizona"
80,80,57,The El Paso EDM festival,4/24/2022,21:00,"El Paso, Texas"
81,81,170,The Laredo Philharmonic,4/25/2022,11:00,"Laredo, Texas"
82,82,357,The Abilene Opera House,4/27/2022,17:00,"Abilene, Texas"
83,83,159,The Savannah EDM festival,5/2/2022,13:00,"Savannah, Georgia"
84,84,55,The Tucson Opera House,5/3/2022,14:00,"Tucson, Arizona"
85,85,24,The San Antonio Concert for Upcoming Artists,5/3/2022,21:00,"San Antonio, Texas"
86,86,8,The Washington Open Mic,5/6/2022,20:00,"Washington, District of Columbia"
87,87,999,The Marina del Rey Concert for Upcoming Artists,5/6/2022,14:00,"Marina del Rey, California"
88,88,6,The Houston Open Mic,5/6/2022,20:00,"Houston, Texas"
89,89,3,The Miami Music Festival,5/7/2022,20:00,"Miami, Florida"
90,90,31,The Austin EDM festival,5/17/2022,16:00,"Austin, Texas"
91,91,55,The Tucson EDM festival,5/18/2022,21:00,"Tucson, Arizona"
92,92,11,The Seattle Opera House,5/19/2022,10:00,"Seattle, Washington"
93,93,144,The St. Paul Concert for Upcoming Artists,5/19/2022,17:00,"St. Paul, Minnesota"
94,94,218,The Amarillo Open Mic,5/19/2022,11:00,"Amarillo, Texas"
95,95,31,The Austin Philharmonic,5/19/2022,16:00,"Austin, Texas"
96,96,159,The Savannah EDM festival,5/20/2022,20:00,"Savannah, Georgia"
97,97,99,The Little Rock Music Festival,5/20/2022,22:00,"Little Rock, Arkansas"
98,98,80,The Akron EDM festival,5/23/2022,20:00,"Akron, Ohio"
99,99,563,The Flagstaff EDM festival,5/23/2022,16:00,"Flagstaff, Arizona"
100,100,262,The Garden Grove Music Festival,5/26/2022,16:00,"Garden Grove, California"
101,101,3,The Miami Concert for Upcoming Artists,5/26/2022,14:00,"Miami, Florida"
102,102,33,The Kansas City EDM festival,5/28/2022,12:00,"Kansas City, Missouri"
103,103,999,The Marina del Rey Jazz Concert,6/1/2022,20:00,"Marina del Rey, California"
104,104,357,The Abilene Music Festival,6/2/2022,13:00,"Abilene, Texas"
105,105,637,The Gary Philharmonic,6/2/2022,11:00,"Gary, Indiana"
106,106,89,The Wichita Open Mic,6/4/2022,18:00,"Wichita, Kansas"
107,107,56,The Omaha EDM festival,6/8/2022,14:00,"Omaha, Nebraska"
108,108,29,The Cleveland Opera House,6/8/2022,19:00,"Cleveland, Ohio"
109,109,0,The New York City Concert for Upcoming Artists,6/9/2022,17:00,"New York City, New York"
110,110,17,The Denver Rave,6/9/2022,14:00,"Denver, Colorado"
111,111,97,The Reno EDM festival,6/11/2022,18:00,"Reno, Nevada"
112,112,80,The Akron Philharmonic,6/11/2022,17:00,"Akron, Ohio"
113,113,144,The St. Paul Opera House,6/11/2022,11:00,"St. Paul, Minnesota"
114,114,31,The Austin Philharmonic,6/14/2022,11:00,"Austin, Texas"
115,115,357,The Abilene Music Festival,6/15/2022,14:00,"Abilene, Texas"
116,116,181,The Montgomery EDM festival,6/15/2022,22:00,"Montgomery, Alabama"
117,117,0,The New York City Jazz Concert,6/16/2022,14:00,"New York City, New York"
118,118,97,The Reno Opera House,6/17/2022,13:00,"Reno, Nevada"
119,119,6,The Houston EDM festival,6/18/2022,12:00,"Houston, Texas"
120,120,10,The Phoenix Philharmonic,6/19/2022,10:00,"Phoenix, Arizona"
121,121,12,The San Francisco EDM festival,6/20/2022,14:00,"San Francisco, California"
122,122,4,The Dallas EDM festival,6/21/2022,10:00,"Dallas, Texas"
123,123,67,The Tulsa Open Mic,6/21/2022,21:00,"Tulsa, Oklahoma"
124,124,30,The Pittsburgh Philharmonic,6/21/2022,18:00,"Pittsburgh, Pennsylvania"
125,125,12,The San Francisco Music Festival,6/21/2022,15:00,"San Francisco, California"
126,126,56,The Omaha Philharmonic,6/25/2022,21:00,"Omaha, Nebraska"
127,127,60,The Albuquerque Concert for Upcoming Artists,6/25/2022,18:00,"Albuquerque, New Mexico"
128,128,11,The Seattle Philharmonic,6/27/2022,12:00,"Seattle, Washington"
129,129,637,The Gary Opera House,6/27/2022,12:00,"Gary, Indiana"
130,130,30,The Pittsburgh EDM festival,6/28/2022,17:00,"Pittsburgh, Pennsylvania"
131,131,357,The Abilene Concert for Upcoming Artists,7/3/2022,13:00,"Abilene, Texas"
132,132,4,The Dallas Concert for Upcoming Artists,7/4/2022,19:00,"Dallas, Texas"
133,133,8,The Washington Opera House,7/4/2022,13:00,"Washington, District of Columbia"
134,134,0,The New York City Concert for Upcoming Artists,7/5/2022,17:00,"New York City, New York"
135,135,999,The Marina del Rey Rave,7/6/2022,19:00,"Marina del Rey, California"
136,136,984,The Galveston EDM festival,7/6/2022,21:00,"Galveston, Texas"
137,137,357,The Abilene Rave,7/8/2022,17:00,"Abilene, Texas"
138,138,21,The Baltimore Philharmonic,7/9/2022,21:00,"Baltimore, Maryland"
139,139,57,The El Paso Music Festival,7/9/2022,12:00,"El Paso, Texas"
140,140,12,The San Francisco Jazz Concert,7/9/2022,10:00,"San Francisco, California"
141,141,29,The Cleveland Opera House,7/10/2022,18:00,"Cleveland, Ohio"
142,142,31,The Austin Opera House,7/10/2022,19:00,"Austin, Texas"
143,143,5,The Philadelphia EDM festival,7/14/2022,19:00,"Philadelphia, Pennsylvania"
144,144,25,The St. Louis Music Festival,7/17/2022,17:00,"St. Louis, Missouri"
145,145,57,The El Paso Open Mic,7/18/2022,19:00,"El Paso, Texas"
146,146,10,The Phoenix Jazz Concert,7/22/2022,13:00,"Phoenix, Arizona"
147,147,10,The Phoenix Concert for Upcoming Artists,7/22/2022,20:00,"Phoenix, Arizona"
148,148,55,The Tucson Jazz Concert,7/22/2022,11:00,"Tucson, Arizona"
149,149,357,The Abilene Rave,7/22/2022,15:00,"Abilene, Texas"
150,150,35,The Indianapolis Philharmonic,7/24/2022,13:00,"Indianapolis, Indiana"
151,151,406,The Santa Fe Philharmonic,7/25/2022,19:00,"Santa Fe, New Mexico"
152,152,28,The San Jose Music Festival,7/26/2022,15:00,"San Jose, California"
153,153,11,The Seattle Opera House,7/27/2022,11:00,"Seattle, Washington"
154,154,181,The Montgomery Rave,7/28/2022,16:00,"Montgomery, Alabama"
155,155,637,The Gary Open Mic,7/28/2022,19:00,"Gary, Indiana"
156,156,30,The Pittsburgh Opera House,7/28/2022,18:00,"Pittsburgh, Pennsylvania"
157,157,181,The Montgomery Rave,8/2/2022,18:00,"Montgomery, Alabama"
158,158,30,The Pittsburgh Opera House,8/2/2022,18:00,"Pittsburgh, Pennsylvania"
159,159,709,The Bossier City EDM festival,8/3/2022,19:00,"Bossier City, Louisiana"
160,160,31,The Austin Jazz Concert,8/4/2022,20:00,"Austin, Texas"
161,161,218,The Amarillo Music Festival,8/5/2022,20:00,"Amarillo, Texas"
162,162,24,The San Antonio Rave,8/6/2022,17:00,"San Antonio, Texas"
163,163,3,The Miami Music Festival,8/9/2022,13:00,"Miami, Florida"
164,164,57,The El Paso Concert for Upcoming Artists,8/12/2022,21:00,"El Paso, Texas"
165,165,218,The Amarillo Concert for Upcoming Artists,8/13/2022,14:00,"Amarillo, Texas"
166,166,33,The Kansas City Music Festival,8/13/2022,21:00,"Kansas City, Missouri"
167,167,999,The Marina del Rey Concert for Upcoming Artists,8/15/2022,16:00,"Marina del Rey, California"
168,168,406,The Santa Fe Opera House,8/16/2022,20:00,"Santa Fe, New Mexico"
169,169,0,The New York City EDM festival,8/16/2022,10:00,"New York City, New York"
170,170,3,The Miami Concert for Upcoming Artists,8/17/2022,12:00,"Miami, Florida"
171,171,357,The Abilene Opera House,8/17/2022,19:00,"Abilene, Texas"
172,172,999,The Marina del Rey Opera House,8/20/2022,16:00,"Marina del Rey, California"
173,173,67,The Tulsa Jazz Concert,8/23/2022,19:00,"Tulsa, Oklahoma"
174,174,10,The Phoenix EDM festival,8/23/2022,10:00,"Phoenix, Arizona"
175,175,0,The New York City EDM festival,8/23/2022,12:00,"New York City, New York"
176,176,181,The Montgomery Jazz Concert,8/24/2022,14:00,"Montgomery, Alabama"
177,177,4,The Dallas Concert for Upcoming Artists,8/24/2022,15:00,"Dallas, Texas"
178,178,31,The Austin EDM festival,8/26/2022,21:00,"Austin, Texas"
179,179,67,The Tulsa Rave,8/26/2022,17:00,"Tulsa, Oklahoma"
180,180,97,The Reno Open Mic,8/27/2022,16:00,"Reno, Nevada"
181,181,57,The El Paso Rave,8/28/2022,19:00,"El Paso, Texas"
182,182,33,The Kansas City Opera House,9/2/2022,22:00,"Kansas City, Missouri"
183,183,4,The Dallas Jazz Concert,9/3/2022,10:00,"Dallas, Texas"
184,184,66,The Allentown Jazz Concert,9/3/2022,12:00,"Allentown, Pennsylvania"
185,185,6,The Houston Opera House,9/4/2022,22:00,"Houston, Texas"
186,186,11,The Seattle Opera House,9/4/2022,19:00,"Seattle, Washington"
187,187,357,The Abilene Opera House,9/5/2022,10:00,"Abilene, Texas"
188,188,3,The Miami Open Mic,9/6/2022,11:00,"Miami, Florida"
189,189,55,The Tucson Music Festival,9/8/2022,17:00,"Tucson, Arizona"
190,190,12,The San Francisco EDM festival,9/8/2022,16:00,"San Francisco, California"
191,191,6,The Houston EDM festival,9/9/2022,11:00,"Houston, Texas"
192,192,150,The Anchorage Opera House,9/10/2022,20:00,"Anchorage, Alaska"
193,193,25,The St. Louis EDM festival,9/12/2022,13:00,"St. Louis, Missouri"
194,194,46,The Memphis Philharmonic,9/13/2022,14:00,"Memphis, Tennessee"
195,195,984,The Galveston Open Mic,9/14/2022,18:00,"Galveston, Texas"
196,196,28,The San Jose Music Festival,9/16/2022,21:00,"San Jose, California"
197,197,984,The Galveston Rave,9/16/2022,20:00,"Galveston, Texas"
198,198,60,The Albuquerque Music Festival,9/18/2022,15:00,"Albuquerque, New Mexico"
199,199,998,The Juneau Opera House,9/18/2022,18:00,"Juneau, Alaska"
200,200,999,The Marina del Rey Concert for Upcoming Artists,9/22/2022,15:00,"Marina del Rey, California"
201,201,89,The Wichita Concert for Upcoming Artists,9/24/2022,15:00,"Wichita, Kansas"
202,202,29,The Cleveland Open Mic,9/26/2022,10:00,"Cleveland, Ohio"
203,203,56,The Omaha EDM festival,9/28/2022,19:00,"Omaha, Nebraska"
204,204,60,The Albuquerque Music Festival,10/3/2022,18:00,"Albuquerque, New Mexico"
205,205,66,The Allentown EDM festival,10/4/2022,21:00,"Allentown, Pennsylvania"
206,206,637,The Gary Jazz Concert,10/6/2022,21:00,"Gary, Indiana"
207,207,35,The Indianapolis Open Mic,10/8/2022,14:00,"Indianapolis, Indiana"
208,208,28,The San Jose Jazz Concert,10/11/2022,14:00,"San Jose, California"
209,209,29,The Cleveland Rave,10/11/2022,17:00,"Cleveland, Ohio"
210,210,999,The Marina del Rey Opera House,10/16/2022,22:00,"Marina del Rey, California"
211,211,24,The San Antonio Philharmonic,10/16/2022,11:00,"San Antonio, Texas"
212,212,6,The Houston Jazz Concert,10/19/2022,21:00,"Houston, Texas"
213,213,0,The New York City Philharmonic,10/19/2022,17:00,"New York City, New York"
214,214,637,The Gary Music Festival,10/19/2022,21:00,"Gary, Indiana"
215,215,150,The Anchorage Opera House,10/20/2022,11:00,"Anchorage, Alaska"
216,216,262,The Garden Grove Opera House,10/21/2022,19:00,"Garden Grove, California"
217,217,21,The Baltimore Music Festival,10/22/2022,22:00,"Baltimore, Maryland"
218,218,357,The Abilene Jazz Concert,10/23/2022,10:00,"Abilene, Texas"
219,219,222,The Olympia Music Festival,10/23/2022,19:00,"Olympia, Washington"
220,220,181,The Montgomery Concert for Upcoming Artists,10/24/2022,22:00,"Montgomery, Alabama"
221,221,56,The Omaha Open Mic,10/24/2022,18:00,"Omaha, Nebraska"
222,222,29,The Cleveland Open Mic,10/25/2022,19:00,"Cleveland, Ohio"
223,223,66,The Allentown Music Festival,10/25/2022,19:00,"Allentown, Pennsylvania"
224,224,33,The Kansas City Rave,10/26/2022,20:00,"Kansas City, Missouri"
225,225,998,The Juneau Open Mic,10/27/2022,10:00,"Juneau, Alaska"
226,226,406,The Santa Fe Jazz Concert,11/1/2022,20:00,"Santa Fe, New Mexico"
227,227,998,The Juneau Concert for Upcoming Artists,11/1/2022,14:00,"Juneau, Alaska"
228,228,35,The Indianapolis Music Festival,11/2/2022,17:00,"Indianapolis, Indiana"
229,229,99,The Little Rock Philharmonic,11/6/2022,12:00,"Little Rock, Arkansas"
230,230,35,The Indianapolis Philharmonic,11/6/2022,15:00,"Indianapolis, Indiana"
231,231,60,The Albuquerque Open Mic,11/6/2022,10:00,"Albuquerque, New Mexico"
232,232,5,The Philadelphia Music Festival,11/8/2022,19:00,"Philadelphia, Pennsylvania"
233,233,262,The Garden Grove Music Festival,11/9/2022,12:00,"Garden Grove, California"
234,234,262,The Garden Grove Philharmonic,11/10/2022,10:00,"Garden Grove, California"
235,235,35,The Indianapolis Rave,11/10/2022,20:00,"Indianapolis, Indiana"
236,236,56,The Omaha Opera House,11/10/2022,15:00,"Omaha, Nebraska"
237,237,262,The Garden Grove EDM festival,11/10/2022,20:00,"Garden Grove, California"
238,238,984,The Galveston Rave,11/11/2022,17:00,"Galveston, Texas"
239,239,357,The Abilene Open Mic,11/11/2022,17:00,"Abilene, Texas"
240,240,5,The Philadelphia Jazz Concert,11/13/2022,17:00,"Philadelphia, Pennsylvania"
241,241,998,The Juneau EDM festival,11/14/2022,12:00,"Juneau, Alaska"
242,242,55,The Tucson Opera House,11/16/2022,12:00,"Tucson, Arizona"
243,243,67,The Tulsa Rave,11/16/2022,22:00,"Tulsa, Oklahoma"
244,244,218,The Amarillo Music Festival,11/16/2022,22:00,"Amarillo, Texas"
245,245,709,The Bossier City EDM festival,11/17/2022,19:00,"Bossier City, Louisiana"
246,246,218,The Amarillo EDM festival,11/19/2022,15:00,"Amarillo, Texas"
247,247,33,The Kansas City Music Festival,11/19/2022,14:00,"Kansas City, Missouri"
248,248,22,The Las Vegas Concert for Upcoming Artists,11/19/2022,18:00,"Las Vegas, Nevada"
249,249,998,The Juneau Rave,11/21/2022,13:00,"Juneau, Alaska"
250,250,29,The Cleveland Open Mic,11/22/2022,15:00,"Cleveland, Ohio"
251,251,709,The Bossier City Music Festival,11/22/2022,11:00,"Bossier City, Louisiana"
252,252,12,The San Francisco Music Festival,11/23/2022,22:00,"San Francisco, California"
253,253,406,The Santa Fe Opera House,11/24/2022,11:00,"Santa Fe, New Mexico"
254,254,53,The Fort Worth Jazz Concert,11/25/2022,14:00,"Fort Worth, Texas"
255,255,218,The Amarillo Music Festival,11/25/2022,19:00,"Amarillo, Texas"
256,256,31,The Austin Opera House,12/1/2022,21:00,"Austin, Texas"
257,257,218,The Amarillo EDM festival,12/1/2022,16:00,"Amarillo, Texas"
258,258,22,The Las Vegas Jazz Concert,12/2/2022,16:00,"Las Vegas, Nevada"
259,259,55,The Tucson Music Festival,12/3/2022,11:00,"Tucson, Arizona"
260,260,24,The San Antonio Opera House,12/3/2022,15:00,"San Antonio, Texas"
261,261,97,The Reno Opera House,12/4/2022,21:00,"Reno, Nevada"
262,262,29,The Cleveland EDM festival,12/7/2022,19:00,"Cleveland, Ohio"
263,263,56,The Omaha Concert for Upcoming Artists,12/7/2022,11:00,"Omaha, Nebraska"
264,264,6,The Houston EDM festival,12/7/2022,19:00,"Houston, Texas"
265,265,159,The Savannah EDM festival,12/7/2022,22:00,"Savannah, Georgia"
266,266,181,The Montgomery Music Festival,12/9/2022,21:00,"Montgomery, Alabama"
267,267,12,The San Francisco EDM festival,12/10/2022,12:00,"San Francisco, California"
268,268,53,The Fort Worth Open Mic,12/13/2022,19:00,"Fort Worth, Texas"
269,269,998,The Juneau Jazz Concert,12/14/2022,20:00,"Juneau, Alaska"
270,270,46,The Memphis Open Mic,12/14/2022,20:00,"Memphis, Tennessee"
271,271,28,The San Jose Philharmonic,12/14/2022,18:00,"San Jose, California"
272,272,637,The Gary Opera House,12/16/2022,12:00,"Gary, Indiana"
273,273,144,The St. Paul Rave,12/16/2022,20:00,"St. Paul, Minnesota"
274,274,170,The Laredo Open Mic,12/19/2022,20:00,"Laredo, Texas"
275,275,984,The Galveston Open Mic,12/21/2022,19:00,"Galveston, Texas"
276,276,57,The El Paso EDM festival,12/22/2022,10:00,"El Paso, Texas"
277,277,22,The Las Vegas Concert for Upcoming Artists,12/24/2022,18:00,"Las Vegas, Nevada"
278,278,67,The Tulsa Concert for Upcoming Artists,12/27/2022,19:00,"Tulsa, Oklahoma"
279,279,8,The Washington EDM festival,12/27/2022,22:00,"Washington, District of Columbia"
280,280,56,The Omaha Music Festival,12/27/2022,19:00,"Omaha, Nebraska"
281,281,31,The Austin Open Mic,12/28/2022,13:00,"Austin, Texas"
282,282,57,The El Paso EDM festival,12/28/2022,20:00,"El Paso, Texas"
283,283,57,The El Paso Jazz Concert,1/3/2023,21:00,"El Paso, Texas"
284,284,97,The Reno Music Festival,1/8/2023,10:00,"Reno, Nevada"
285,285,0,The New York City Open Mic,1/9/2023,16:00,"New York City, New York"
286,286,4,The Dallas Open Mic,1/13/2023,20:00,"Dallas, Texas"
287,287,29,The Cleveland Music Festival,1/14/2023,13:00,"Cleveland, Ohio"
288,288,60,The Albuquerque Music Festival,1/16/2023,16:00,"Albuquerque, New Mexico"
289,289,10,The Phoenix Rave,1/18/2023,12:00,"Phoenix, Arizona"
290,290,66,The Allentown EDM festival,1/18/2023,13:00,"Allentown, Pennsylvania"
291,291,222,The Olympia Philharmonic,1/19/2023,20:00,"Olympia, Washington"
292,292,8,The Washington Music Festival,1/21/2023,21:00,"Washington, District of Columbia"
293,293,999,The Marina del Rey Philharmonic,1/21/2023,11:00,"Marina del Rey, California"
294,294,33,The Kansas City EDM festival,1/21/2023,11:00,"Kansas City, Missouri"
295,295,10,The Phoenix EDM festival,1/21/2023,10:00,"Phoenix, Arizona"
296,296,8,The Washington Jazz Concert,1/22/2023,13:00,"Washington, District of Columbia"
297,297,30,The Pittsburgh Jazz Concert,1/23/2023,13:00,"Pittsburgh, Pennsylvania"
298,298,97,The Reno Open Mic,1/24/2023,18:00,"Reno, Nevada"
299,299,8,The Washington Philharmonic,1/24/2023,18:00,"Washington, District of Columbia"
300,300,66,The Allentown Open Mic,1/24/2023,22:00,"Allentown, Pennsylvania"
301,301,31,The Austin Rave,1/24/2023,18:00,"Austin, Texas"
302,302,218,The Amarillo Philharmonic,1/27/2023,13:00,"Amarillo, Texas"
303,303,33,The Kansas City Concert for Upcoming Artists,2/5/2023,22:00,"Kansas City, Missouri"
304,304,262,The Garden Grove Jazz Concert,2/7/2023,11:00,"Garden Grove, California"
305,305,31,The Austin Opera House,2/8/2023,13:00,"Austin, Texas"
306,306,60,The Albuquerque Jazz Concert,2/8/2023,14:00,"Albuquerque, New Mexico"
307,307,406,The Santa Fe Opera House,2/9/2023,22:00,"Santa Fe, New Mexico"
308,308,67,The Tulsa EDM festival,2/11/2023,18:00,"Tulsa, Oklahoma"
309,309,406,The Santa Fe Music Festival,2/11/2023,15:00,"Santa Fe, New Mexico"
310,310,35,The Indianapolis Rave,2/18/2023,12:00,"Indianapolis, Indiana"
311,311,46,The Memphis Open Mic,2/18/2023,15:00,"Memphis, Tennessee"
312,312,170,The Laredo Rave,2/21/2023,21:00,"Laredo, Texas"
313,313,80,The Akron Music Festival,2/21/2023,11:00,"Akron, Ohio"
314,314,637,The Gary Opera House,3/3/2023,22:00,"Gary, Indiana"
315,315,99,The Little Rock Music Festival,3/7/2023,17:00,"Little Rock, Arkansas"
316,316,999,The Marina del Rey EDM festival,3/9/2023,17:00,"Marina del Rey, California"
317,317,170,The Laredo Opera House,3/9/2023,11:00,"Laredo, Texas"
318,318,999,The Marina del Rey Concert for Upcoming Artists,3/10/2023,22:00,"Marina del Rey, California"
319,319,218,The Amarillo EDM festival,3/11/2023,16:00,"Amarillo, Texas"
320,320,5,The Philadelphia Opera House,3/11/2023,17:00,"Philadelphia, Pennsylvania"
321,321,28,The San Jose Concert for Upcoming Artists,3/12/2023,19:00,"San Jose, California"
322,322,11,The Seattle Rave,3/13/2023,13:00,"Seattle, Washington"
323,323,53,The Fort Worth Philharmonic,3/18/2023,18:00,"Fort Worth, Texas"
324,324,25,The St. Louis Jazz Concert,3/19/2023,22:00,"St. Louis, Missouri"
325,325,709,The Bossier City Concert for Upcoming Artists,3/19/2023,11:00,"Bossier City, Louisiana"
326,326,170,The Laredo Concert for Upcoming Artists,3/19/2023,20:00,"Laredo, Texas"
327,327,21,The Baltimore Open Mic,3/19/2023,22:00,"Baltimore, Maryland"
328,328,218,The Amarillo Music Festival,3/20/2023,21:00,"Amarillo, Texas"
329,329,17,The Denver Open Mic,3/21/2023,11:00,"Denver, Colorado"
330,330,29,The Cleveland EDM festival,3/22/2023,20:00,"Cleveland, Ohio"
331,331,8,The Washington Philharmonic,4/2/2023,19:00,"Washington, District of Columbia"
332,332,29,The Cleveland EDM festival,4/2/2023,10:00,"Cleveland, Ohio"
333,333,357,The Abilene Opera House,4/4/2023,10:00,"Abilene, Texas"
334,334,357,The Abilene Open Mic,4/7/2023,17:00,"Abilene, Texas"
335,335,31,The Austin Philharmonic,4/8/2023,12:00,"Austin, Texas"
336,336,97,The Reno EDM festival,4/8/2023,14:00,"Reno, Nevada"
337,337,67,The Tulsa Rave,4/9/2023,13:00,"Tulsa, Oklahoma"
338,338,159,The Savannah Music Festival,4/11/2023,12:00,"Savannah, Georgia"
339,339,159,The Savannah Concert for Upcoming Artists,4/13/2023,21:00,"Savannah, Georgia"
340,340,28,The San Jose Rave,4/14/2023,18:00,"San Jose, California"
341,341,984,The Galveston Rave,4/15/2023,20:00,"Galveston, Texas"
342,342,35,The Indianapolis Rave,4/16/2023,16:00,"Indianapolis, Indiana"
343,343,5,The Philadelphia Rave,4/16/2023,13:00,"Philadelphia, Pennsylvania"
344,344,31,The Austin Philharmonic,4/16/2023,13:00,"Austin, Texas"
345,345,30,The Pittsburgh Open Mic,4/19/2023,10:00,"Pittsburgh, Pennsylvania"
346,346,159,The Savannah Philharmonic,4/19/2023,20:00,"Savannah, Georgia"
347,347,5,The Philadelphia Concert for Upcoming Artists,4/21/2023,15:00,"Philadelphia, Pennsylvania"
348,348,0,The New York City Concert for Upcoming Artists,4/23/2023,20:00,"New York City, New York"
349,349,11,The Seattle Rave,4/24/2023,11:00,"Seattle, Washington"
350,350,11,The Seattle Philharmonic,4/24/2023,11:00,"Seattle, Washington"
351,351,10,The Phoenix Concert for Upcoming Artists,4/26/2023,15:00,"Phoenix, Arizona"
352,352,6,The Houston EDM festival,4/27/2023,10:00,"Houston, Texas"
353,353,99,The Little Rock Concert for Upcoming Artists,4/28/2023,13:00,"Little Rock, Arkansas"
354,354,60,The Albuquerque EDM festival,5/1/2023,13:00,"Albuquerque, New Mexico"
355,355,262,The Garden Grove Concert for Upcoming Artists,5/4/2023,15:00,"Garden Grove, California"
356,356,0,The New York City Concert for Upcoming Artists,5/5/2023,16:00,"New York City, New York"
357,357,99,The Little Rock Music Festival,5/5/2023,22:00,"Little Rock, Arkansas"
358,358,181,The Montgomery Open Mic,5/7/2023,13:00,"Montgomery, Alabama"
359,359,57,The El Paso Concert for Upcoming Artists,5/8/2023,18:00,"El Paso, Texas"
360,360,25,The St. Louis Jazz Concert,5/8/2023,13:00,"St. Louis, Missouri"
361,361,99,The Little Rock Rave,5/12/2023,13:00,"Little Rock, Arkansas"
362,362,11,The Seattle Open Mic,5/13/2023,22:00,"Seattle, Washington"
363,363,89,The Wichita Rave,5/15/2023,22:00,"Wichita, Kansas"
364,364,60,The Albuquerque Philharmonic,5/15/2023,17:00,"Albuquerque, New Mexico"
365,365,31,The Austin Opera House,5/18/2023,16:00,"Austin, Texas"
366,366,35,The Indianapolis Concert for Upcoming Artists,5/18/2023,20:00,"Indianapolis, Indiana"
367,367,66,The Allentown Concert for Upcoming Artists,5/20/2023,12:00,"Allentown, Pennsylvania"
368,368,80,The Akron Open Mic,5/20/2023,17:00,"Akron, Ohio"
369,369,29,The Cleveland Rave,5/23/2023,22:00,"Cleveland, Ohio"
370,370,28,The San Jose Opera House,5/25/2023,16:00,"San Jose, California"
371,371,144,The St. Paul Concert for Upcoming Artists,5/26/2023,22:00,"St. Paul, Minnesota"
372,372,144,The St. Paul EDM festival,5/28/2023,17:00,"St. Paul, Minnesota"
373,373,709,The Bossier City Opera House,5/28/2023,15:00,"Bossier City, Louisiana"
374,374,28,The San Jose Concert for Upcoming Artists,6/5/2023,20:00,"San Jose, California"
375,375,58,The Honolulu Jazz Concert,6/6/2023,21:00,"Honolulu, Hawaii"
376,376,80,The Akron Music Festival,6/9/2023,12:00,"Akron, Ohio"
377,377,563,The Flagstaff EDM festival,6/10/2023,12:00,"Flagstaff, Arizona"
378,378,998,The Juneau Philharmonic,6/11/2023,21:00,"Juneau, Alaska"
379,379,57,The El Paso Music Festival,6/13/2023,14:00,"El Paso, Texas"
380,380,0,The New York City Rave,6/15/2023,21:00,"New York City, New York"
381,381,56,The Omaha Jazz Concert,6/15/2023,22:00,"Omaha, Nebraska"
382,382,4,The Dallas Philharmonic,6/16/2023,14:00,"Dallas, Texas"
383,383,21,The Baltimore Rave,6/16/2023,14:00,"Baltimore, Maryland"
384,384,222,The Olympia Philharmonic,6/18/2023,19:00,"Olympia, Washington"
385,385,5,The Philadelphia Music Festival,6/19/2023,18:00,"Philadelphia, Pennsylvania"
386,386,28,The San Jose Philharmonic,6/21/2023,13:00,"San Jose, California"
387,387,563,The Flagstaff Opera House,6/22/2023,12:00,"Flagstaff, Arizona"
388,388,563,The Flagstaff Philharmonic,6/22/2023,10:00,"Flagstaff, Arizona"
389,389,67,The Tulsa Opera House,6/23/2023,14:00,"Tulsa, Oklahoma"
390,390,11,The Seattle Rave,6/24/2023,10:00,"Seattle, Washington"
391,391,60,The Albuquerque Jazz Concert,6/25/2023,20:00,"Albuquerque, New Mexico"
392,392,222,The Olympia Jazz Concert,6/25/2023,14:00,"Olympia, Washington"
393,393,222,The Olympia Open Mic,6/27/2023,13:00,"Olympia, Washington"
394,394,998,The Juneau Jazz Concert,6/27/2023,14:00,"Juneau, Alaska"
395,395,35,The Indianapolis Jazz Concert,6/27/2023,13:00,"Indianapolis, Indiana"
396,396,984,The Galveston Open Mic,6/28/2023,15:00,"Galveston, Texas"
397,397,170,The Laredo EDM festival,7/3/2023,19:00,"Laredo, Texas"
398,398,60,The Albuquerque EDM festival,7/3/2023,12:00,"Albuquerque, New Mexico"
399,399,67,The Tulsa Concert for Upcoming Artists,7/5/2023,11:00,"Tulsa, Oklahoma"
400,400,97,The Reno Open Mic,7/6/2023,16:00,"Reno, Nevada"
401,401,31,The Austin EDM festival,7/6/2023,17:00,"Austin, Texas"
402,402,563,The Flagstaff Concert for Upcoming Artists,7/9/2023,14:00,"Flagstaff, Arizona"
403,403,357,The Abilene Music Festival,7/13/2023,12:00,"Abilene, Texas"
404,404,222,The Olympia Rave,7/14/2023,12:00,"Olympia, Washington"
405,405,55,The Tucson Music Festival,7/14/2023,11:00,"Tucson, Arizona"
406,406,150,The Anchorage Concert for Upcoming Artists,7/17/2023,19:00,"Anchorage, Alaska"
407,407,12,The San Francisco EDM festival,7/19/2023,18:00,"San Francisco, California"
408,408,53,The Fort Worth Rave,7/20/2023,10:00,"Fort Worth, Texas"
409,409,30,The Pittsburgh Music Festival,7/21/2023,15:00,"Pittsburgh, Pennsylvania"
410,410,57,The El Paso Music Festival,7/21/2023,13:00,"El Paso, Texas"
411,411,637,The Gary Open Mic,7/21/2023,14:00,"Gary, Indiana"
412,412,57,The El Paso Open Mic,7/21/2023,14:00,"El Paso, Texas"
413,413,159,The Savannah Music Festival,7/26/2023,13:00,"Savannah, Georgia"
414,414,89,The Wichita Open Mic,7/27/2023,22:00,"Wichita, Kansas"
415,415,218,The Amarillo Music Festival,8/3/2023,12:00,"Amarillo, Texas"
416,416,57,The El Paso Opera House,8/3/2023,22:00,"El Paso, Texas"
417,417,8,The Washington Jazz Concert,8/3/2023,13:00,"Washington, District of Columbia"
418,418,222,The Olympia Opera House,8/4/2023,16:00,"Olympia, Washington"
419,419,58,The Honolulu Open Mic,8/6/2023,16:00,"Honolulu, Hawaii"
420,420,31,The Austin Rave,8/7/2023,11:00,"Austin, Texas"
421,421,97,The Reno Music Festival,8/9/2023,21:00,"Reno, Nevada"
422,422,29,The Cleveland EDM festival,8/9/2023,18:00,"Cleveland, Ohio"
423,423,11,The Seattle Open Mic,8/10/2023,15:00,"Seattle, Washington"
424,424,53,The Fort Worth Rave,8/10/2023,12:00,"Fort Worth, Texas"
425,425,24,The San Antonio Jazz Concert,8/13/2023,18:00,"San Antonio, Texas"
426,426,5,The Philadelphia Music Festival,8/13/2023,12:00,"Philadelphia, Pennsylvania"
427,427,30,The Pittsburgh Philharmonic,8/15/2023,18:00,"Pittsburgh, Pennsylvania"
428,428,144,The St. Paul Music Festival,8/15/2023,11:00,"St. Paul, Minnesota"
429,429,66,The Allentown Open Mic,8/15/2023,12:00,"Allentown, Pennsylvania"
430,430,25,The St. Louis Music Festival,8/15/2023,17:00,"St. Louis, Missouri"
431,431,406,The Santa Fe Jazz Concert,8/15/2023,19:00,"Santa Fe, New Mexico"
432,432,5,The Philadelphia Jazz Concert,8/16/2023,20:00,"Philadelphia, Pennsylvania"
433,433,58,The Honolulu EDM festival,8/20/2023,14:00,"Honolulu, Hawaii"
434,434,55,The Tucson Philharmonic,8/20/2023,21:00,"Tucson, Arizona"
435,435,24,The San Antonio Concert for Upcoming Artists,8/23/2023,15:00,"San Antonio, Texas"
436,436,80,The Akron Opera House,8/24/2023,21:00,"Akron, Ohio"
437,437,30,The Pittsburgh Opera House,8/24/2023,13:00,"Pittsburgh, Pennsylvania"
438,438,67,The Tulsa Jazz Concert,8/26/2023,20:00,"Tulsa, Oklahoma"
439,439,181,The Montgomery Music Festival,8/27/2023,21:00,"Montgomery, Alabama"
440,440,144,The St. Paul Rave,8/27/2023,18:00,"St. Paul, Minnesota"
441,441,218,The Amarillo EDM festival,9/2/2023,12:00,"Amarillo, Texas"
442,442,31,The Austin Philharmonic,9/2/2023,16:00,"Austin, Texas"
443,443,218,The Amarillo Jazz Concert,9/2/2023,10:00,"Amarillo, Texas"
444,444,6,The Houston Philharmonic,9/3/2023,12:00,"Houston, Texas"
445,445,218,The Amarillo Open Mic,9/6/2023,20:00,"Amarillo, Texas"
446,446,58,The Honolulu Open Mic,9/11/2023,14:00,"Honolulu, Hawaii"
447,447,0,The New York City Concert for Upcoming Artists,9/12/2023,18:00,"New York City, New York"
448,448,144,The St. Paul Philharmonic,9/14/2023,21:00,"St. Paul, Minnesota"
449,449,998,The Juneau Music Festival,9/15/2023,19:00,"Juneau, Alaska"
450,450,30,The Pittsburgh Music Festival,9/16/2023,10:00,"Pittsburgh, Pennsylvania"
451,451,637,The Gary Opera House,9/17/2023,19:00,"Gary, Indiana"
452,452,17,The Denver Jazz Concert,9/18/2023,12:00,"Denver, Colorado"
453,453,29,The Cleveland Jazz Concert,9/21/2023,10:00,"Cleveland, Ohio"
454,454,144,The St. Paul Rave,9/22/2023,11:00,"St. Paul, Minnesota"
455,455,406,The Santa Fe Jazz Concert,9/25/2023,19:00,"Santa Fe, New Mexico"
456,456,89,The Wichita Opera House,9/26/2023,17:00,"Wichita, Kansas"
457,457,159,The Savannah Opera House,9/27/2023,18:00,"Savannah, Georgia"
458,458,67,The Tulsa Open Mic,10/1/2023,11:00,"Tulsa, Oklahoma"
459,459,35,The Indianapolis Philharmonic,10/2/2023,17:00,"Indianapolis, Indiana"
460,460,144,The St. Paul Music Festival,10/2/2023,10:00,"St. Paul, Minnesota"
461,461,10,The Phoenix Opera House,10/2/2023,22:00,"Phoenix, Arizona"
462,462,11,The Seattle Philharmonic,10/3/2023,13:00,"Seattle, Washington"
463,463,17,The Denver Music Festival,10/5/2023,15:00,"Denver, Colorado"
464,464,999,The Marina del Rey Open Mic,10/6/2023,19:00,"Marina del Rey, California"
465,465,6,The Houston Philharmonic,10/6/2023,12:00,"Houston, Texas"
466,466,31,The Austin Jazz Concert,10/6/2023,20:00,"Austin, Texas"
467,467,33,The Kansas City Philharmonic,10/7/2023,20:00,"Kansas City, Missouri"
468,468,10,The Phoenix Music Festival,10/7/2023,17:00,"Phoenix, Arizona"
469,469,22,The Las Vegas Rave,10/8/2023,15:00,"Las Vegas, Nevada"
470,470,17,The Denver Jazz Concert,10/13/2023,20:00,"Denver, Colorado"
471,471,144,The St. Paul Rave,10/13/2023,10:00,"St. Paul, Minnesota"
472,472,984,The Galveston Rave,10/15/2023,17:00,"Galveston, Texas"
473,473,17,The Denver Opera House,10/18/2023,12:00,"Denver, Colorado"
474,474,999,The Marina del Rey Jazz Concert,10/19/2023,17:00,"Marina del Rey, California"
475,475,28,The San Jose Music Festival,10/19/2023,10:00,"San Jose, California"
476,476,57,The El Paso Opera House,10/20/2023,12:00,"El Paso, Texas"
477,477,3,The Miami Jazz Concert,10/20/2023,13:00,"Miami, Florida"
478,478,55,The Tucson Opera House,10/21/2023,19:00,"Tucson, Arizona"
479,479,28,The San Jose Open Mic,10/22/2023,11:00,"San Jose, California"
480,480,998,The Juneau Open Mic,10/22/2023,17:00,"Juneau, Alaska"
481,481,984,The Galveston Rave,10/23/2023,17:00,"Galveston, Texas"
482,482,5,The Philadelphia Open Mic,10/24/2023,18:00,"Philadelphia, Pennsylvania"
483,483,3,The Miami Opera House,10/27/2023,11:00,"Miami, Florida"
484,484,3,The Miami Music Festival,10/28/2023,19:00,"Miami, Florida"
485,485,181,The Montgomery Concert for Upcoming Artists,10/28/2023,10:00,"Montgomery, Alabama"
486,486,998,The Juneau Opera House,11/2/2023,10:00,"Juneau, Alaska"
487,487,58,The Honolulu Rave,11/3/2023,20:00,"Honolulu, Hawaii"
488,488,563,The Flagstaff EDM festival,11/3/2023,15:00,"Flagstaff, Arizona"
489,489,55,The Tucson Philharmonic,11/5/2023,20:00,"Tucson, Arizona"
490,490,709,The Bossier City Opera House,11/5/2023,18:00,"Bossier City, Louisiana"
491,491,97,The Reno Philharmonic,11/6/2023,19:00,"Reno, Nevada"
492,492,58,The Honolulu Open Mic,11/6/2023,12:00,"Honolulu, Hawaii"
493,493,6,The Houston EDM festival,11/8/2023,12:00,"Houston, Texas"
494,494,709,The Bossier City EDM festival,11/10/2023,19:00,"Bossier City, Louisiana"
495,495,58,The Honolulu Rave,11/13/2023,14:00,"Honolulu, Hawaii"
496,496,10,The Phoenix EDM festival,11/13/2023,19:00,"Phoenix, Arizona"
497,497,6,The Houston Rave,11/13/2023,13:00,"Houston, Texas"
498,498,6,The Houston Opera House,11/15/2023,16:00,"Houston, Texas"
499,499,998,The Juneau EDM festival,11/16/2023,12:00,"Juneau, Alaska"
500,500,66,The Allentown EDM festival,11/16/2023,19:00,"Allentown, Pennsylvania"
501,501,181,The Montgomery Rave,11/16/2023,18:00,"Montgomery, Alabama"
502,502,150,The Anchorage Music Festival,11/17/2023,21:00,"Anchorage, Alaska"
503,503,11,The Seattle Rave,11/17/2023,16:00,"Seattle, Washington"
504,504,31,The Austin Philharmonic,11/18/2023,11:00,"Austin, Texas"
505,505,170,The Laredo Philharmonic,11/18/2023,12:00,"Laredo, Texas"
506,506,144,The St. Paul Open Mic,11/20/2023,17:00,"St. Paul, Minnesota"
507,507,170,The Laredo Philharmonic,11/21/2023,22:00,"Laredo, Texas"
508,508,24,The San Antonio EDM festival,11/21/2023,13:00,"San Antonio, Texas"
509,509,89,The Wichita Opera House,11/21/2023,21:00,"Wichita, Kansas"
510,510,222,The Olympia Music Festival,11/22/2023,13:00,"Olympia, Washington"
511,511,21,The Baltimore Jazz Concert,11/25/2023,17:00,"Baltimore, Maryland"
512,512,89,The Wichita Concert for Upcoming Artists,11/25/2023,14:00,"Wichita, Kansas"
513,513,563,The Flagstaff Music Festival,11/26/2023,22:00,"Flagstaff, Arizona"
514,514,35,The Indianapolis Opera House,11/26/2023,16:00,"Indianapolis, Indiana"
515,515,33,The Kansas City EDM festival,12/1/2023,19:00,"Kansas City, Missouri"
516,516,8,The Washington Open Mic,12/2/2023,22:00,"Washington, District of Columbia"
517,517,406,The Santa Fe Concert for Upcoming Artists,12/2/2023,19:00,"Santa Fe, New Mexico"
518,518,0,The New York City Concert for Upcoming Artists,12/3/2023,21:00,"New York City, New York"
519,519,0,The New York City Philharmonic,12/5/2023,16:00,"New York City, New York"
520,520,998,The Juneau Jazz Concert,12/6/2023,16:00,"Juneau, Alaska"
521,521,99,The Little Rock Concert for Upcoming Artists,12/6/2023,22:00,"Little Rock, Arkansas"
522,522,46,The Memphis Concert for Upcoming Artists,12/6/2023,17:00,"Memphis, Tennessee"
523,523,11,The Seattle Philharmonic,12/7/2023,18:00,"Seattle, Washington"
524,524,24,The San Antonio Concert for Upcoming Artists,12/8/2023,10:00,"San Antonio, Texas"
525,525,11,The Seattle Music Festival,12/9/2023,10:00,"Seattle, Washington"
526,526,29,The Cleveland EDM festival,12/9/2023,19:00,"Cleveland, Ohio"
527,527,8,The Washington Concert for Upcoming Artists,12/10/2023,17:00,"Washington, District of Columbia"
528,528,3,The Miami Rave,12/10/2023,17:00,"Miami, Florida"
529,529,563,The Flagstaff Music Festival,12/13/2023,20:00,"Flagstaff, Arizona"
530,530,357,The Abilene Opera House,12/17/2023,21:00,"Abilene, Texas"
531,531,30,The Pittsburgh Rave,12/18/2023,16:00,"Pittsburgh, Pennsylvania"
532,532,357,The Abilene Music Festival,12/19/2023,16:00,"Abilene, Texas"
533,533,8,The Washington Concert for Upcoming Artists,12/22/2023,18:00,"Washington, District of Columbia"
534,534,637,The Gary Jazz Concert,12/22/2023,15:00,"Gary, Indiana"
535,535,3,The Miami Jazz Concert,12/23/2023,13:00,"Miami, Florida"
536,536,12,The San Francisco Music Festival,1/2/2024,16:00,"San Francisco, California"
537,537,35,The Indianapolis Jazz Concert,1/2/2024,17:00,"Indianapolis, Indiana"
538,538,30,The Pittsburgh Philharmonic,1/3/2024,19:00,"Pittsburgh, Pennsylvania"
539,539,97,The Reno Opera House,1/3/2024,17:00,"Reno, Nevada"
540,540,998,The Juneau Jazz Concert,1/4/2024,12:00,"Juneau, Alaska"
541,541,218,The Amarillo Opera House,1/4/2024,12:00,"Amarillo, Texas"
542,542,66,The Allentown Philharmonic,1/6/2024,20:00,"Allentown, Pennsylvania"
543,543,181,The Montgomery Opera House,1/6/2024,18:00,"Montgomery, Alabama"
544,544,80,The Akron Music Festival,1/7/2024,10:00,"Akron, Ohio"
545,545,181,The Montgomery Concert for Upcoming Artists,1/9/2024,12:00,"Montgomery, Alabama"
546,546,25,The St. Louis Concert for Upcoming Artists,1/10/2024,12:00,"St. Louis, Missouri"
547,547,28,The San Jose Music Festival,1/10/2024,11:00,"San Jose, California"
548,548,150,The Anchorage EDM festival,1/11/2024,11:00,"Anchorage, Alaska"
549,549,56,The Omaha Rave,1/13/2024,16:00,"Omaha, Nebraska"
550,550,29,The Cleveland Rave,1/13/2024,12:00,"Cleveland, Ohio"
551,551,637,The Gary Music Festival,1/13/2024,14:00,"Gary, Indiana"
552,552,406,The Santa Fe Philharmonic,1/17/2024,18:00,"Santa Fe, New Mexico"
553,553,17,The Denver Open Mic,1/20/2024,19:00,"Denver, Colorado"
554,554,5,The Philadelphia Open Mic,1/20/2024,11:00,"Philadelphia, Pennsylvania"
555,555,998,The Juneau Jazz Concert,1/21/2024,22:00,"Juneau, Alaska"
556,556,10,The Phoenix Jazz Concert,1/23/2024,14:00,"Phoenix, Arizona"
557,557,0,The New York City Rave,1/23/2024,11:00,"New York City, New York"
558,558,28,The San Jose Open Mic,1/24/2024,20:00,"San Jose, California"
559,559,709,The Bossier City Concert for Upcoming Artists,1/25/2024,19:00,"Bossier City, Louisiana"
560,560,11,The Seattle Concert for Upcoming Artists,1/27/2024,14:00,"Seattle, Washington"
561,561,58,The Honolulu Rave,2/7/2024,12:00,"Honolulu, Hawaii"
562,562,66,The Allentown Concert for Upcoming Artists,2/9/2024,21:00,"Allentown, Pennsylvania"
563,563,22,The Las Vegas Music Festival,2/10/2024,19:00,"Las Vegas, Nevada"
564,564,56,The Omaha Concert for Upcoming Artists,2/11/2024,19:00,"Omaha, Nebraska"
565,565,4,The Dallas Jazz Concert,2/13/2024,17:00,"Dallas, Texas"
566,566,159,The Savannah Jazz Concert,2/13/2024,10:00,"Savannah, Georgia"
567,567,144,The St. Paul Open Mic,2/14/2024,21:00,"St. Paul, Minnesota"
568,568,28,The San Jose Music Festival,2/16/2024,21:00,"San Jose, California"
569,569,57,The El Paso Concert for Upcoming Artists,2/18/2024,16:00,"El Paso, Texas"
570,570,563,The Flagstaff Jazz Concert,2/19/2024,15:00,"Flagstaff, Arizona"
571,571,406,The Santa Fe Jazz Concert,2/19/2024,18:00,"Santa Fe, New Mexico"
572,572,17,The Denver Concert for Upcoming Artists,2/19/2024,19:00,"Denver, Colorado"
573,573,357,The Abilene Concert for Upcoming Artists,2/20/2024,11:00,"Abilene, Texas"
574,574,984,The Galveston Music Festival,2/20/2024,11:00,"Galveston, Texas"
575,575,218,The Amarillo Concert for Upcoming Artists,2/22/2024,18:00,"Amarillo, Texas"
576,576,35,The Indianapolis Concert for Upcoming Artists,2/22/2024,10:00,"Indianapolis, Indiana"
577,577,0,The New York City Open Mic,2/23/2024,18:00,"New York City, New York"
578,578,150,The Anchorage Jazz Concert,2/23/2024,20:00,"Anchorage, Alaska"
579,579,8,The Washington Opera House,2/24/2024,20:00,"Washington, District of Columbia"
580,580,262,The Garden Grove Jazz Concert,2/25/2024,21:00,"Garden Grove, California"
581,581,144,The St. Paul Open Mic,2/25/2024,17:00,"St. Paul, Minnesota"
582,582,150,The Anchorage Open Mic,2/27/2024,18:00,"Anchorage, Alaska"
583,583,58,The Honolulu Jazz Concert,3/3/2024,19:00,"Honolulu, Hawaii"
584,584,563,The Flagstaff EDM festival,3/4/2024,20:00,"Flagstaff, Arizona"
585,585,998,The Juneau Open Mic,3/5/2024,15:00,"Juneau, Alaska"
586,586,8,The Washington Rave,3/5/2024,13:00,"Washington, District of Columbia"
587,587,406,The Santa Fe Opera House,3/6/2024,14:00,"Santa Fe, New Mexico"
588,588,25,The St. Louis Music Festival,3/7/2024,20:00,"St. Louis, Missouri"
589,589,57,The El Paso EDM festival,3/8/2024,21:00,"El Paso, Texas"
590,590,67,The Tulsa Open Mic,3/8/2024,11:00,"Tulsa, Oklahoma"
591,591,46,The Memphis Rave,3/8/2024,14:00,"Memphis, Tennessee"
592,592,80,The Akron EDM festival,3/8/2024,13:00,"Akron, Ohio"
593,593,218,The Amarillo Open Mic,3/9/2024,21:00,"Amarillo, Texas"
594,594,998,The Juneau Philharmonic,3/9/2024,22:00,"Juneau, Alaska"
595,595,35,The Indianapolis Jazz Concert,3/10/2024,15:00,"Indianapolis, Indiana"
596,596,563,The Flagstaff Philharmonic,3/11/2024,18:00,"Flagstaff, Arizona"
597,597,6,The Houston EDM festival,3/11/2024,18:00,"Houston, Texas"
598,598,58,The Honolulu Open Mic,3/11/2024,22:00,"Honolulu, Hawaii"
599,599,35,The Indianapolis EDM festival,3/13/2024,14:00,"Indianapolis, Indiana"
600,600,0,The New York City Music Festival,3/14/2024,18:00,"New York City, New York"
601,601,159,The Savannah Music Festival,3/14/2024,13:00,"Savannah, Georgia"
602,602,12,The San Francisco Rave,3/15/2024,14:00,"San Francisco, California"
603,603,3,The Miami Rave,3/16/2024,12:00,"Miami, Florida"
604,604,58,The Honolulu Philharmonic,3/16/2024,15:00,"Honolulu, Hawaii"
605,605,99,The Little Rock Rave,3/17/2024,13:00,"Little Rock, Arkansas"
606,606,89,The Wichita Philharmonic,3/18/2024,13:00,"Wichita, Kansas"
607,607,55,The Tucson Concert for Upcoming Artists,3/19/2024,12:00,"Tucson, Arizona"
608,608,10,The Phoenix Philharmonic,3/21/2024,14:00,"Phoenix, Arizona"
609,609,46,The Memphis Philharmonic,3/23/2024,10:00,"Memphis, Tennessee"
610,610,262,The Garden Grove Philharmonic,3/26/2024,14:00,"Garden Grove, California"
611,611,31,The Austin EDM festival,4/2/2024,17:00,"Austin, Texas"
612,612,144,The St. Paul Music Festival,4/2/2024,17:00,"St. Paul, Minnesota"
613,613,709,The Bossier City Open Mic,4/2/2024,15:00,"Bossier City, Louisiana"
614,614,999,The Marina del Rey EDM festival,4/5/2024,10:00,"Marina del Rey, California"
615,615,0,The New York City EDM festival,4/5/2024,22:00,"New York City, New York"
616,616,29,The Cleveland Jazz Concert,4/7/2024,22:00,"Cleveland, Ohio"
617,617,4,The Dallas Music Festival,4/7/2024,19:00,"Dallas, Texas"
618,618,709,The Bossier City Opera House,4/8/2024,10:00,"Bossier City, Louisiana"
619,619,56,The Omaha Jazz Concert,4/9/2024,20:00,"Omaha, Nebraska"
620,620,30,The Pittsburgh Jazz Concert,4/10/2024,16:00,"Pittsburgh, Pennsylvania"
621,621,4,The Dallas Opera House,4/10/2024,12:00,"Dallas, Texas"
622,622,25,The St. Louis EDM festival,4/10/2024,16:00,"St. Louis, Missouri"
623,623,89,The Wichita Opera House,4/14/2024,17:00,"Wichita, Kansas"
624,624,17,The Denver Open Mic,4/15/2024,18:00,"Denver, Colorado"
625,625,22,The Las Vegas Philharmonic,4/18/2024,12:00,"Las Vegas, Nevada"
626,626,58,The Honolulu Jazz Concert,4/18/2024,22:00,"Honolulu, Hawaii"
627,627,11,The Seattle EDM festival,4/19/2024,20:00,"Seattle, Washington"
628,628,80,The Akron Philharmonic,4/20/2024,11:00,"Akron, Ohio"
629,629,53,The Fort Worth Opera House,4/21/2024,16:00,"Fort Worth, Texas"
630,630,563,The Flagstaff Jazz Concert,4/21/2024,10:00,"Flagstaff, Arizona"
631,631,11,The Seattle Open Mic,4/21/2024,12:00,"Seattle, Washington"
632,632,11,The Seattle Open Mic,4/21/2024,20:00,"Seattle, Washington"
633,633,5,The Philadelphia Opera House,4/21/2024,14:00,"Philadelphia, Pennsylvania"
634,634,22,The Las Vegas EDM festival,4/22/2024,15:00,"Las Vegas, Nevada"
635,635,89,The Wichita Rave,4/23/2024,12:00,"Wichita, Kansas"
636,636,222,The Olympia Open Mic,4/23/2024,12:00,"Olympia, Washington"
637,637,22,The Las Vegas Philharmonic,4/24/2024,14:00,"Las Vegas, Nevada"
638,638,53,The Fort Worth Open Mic,4/25/2024,17:00,"Fort Worth, Texas"
639,639,357,The Abilene Concert for Upcoming Artists,4/26/2024,18:00,"Abilene, Texas"
640,640,97,The Reno Open Mic,4/26/2024,18:00,"Reno, Nevada"
641,641,12,The San Francisco Music Festival,4/27/2024,13:00,"San Francisco, California"
642,642,99,The Little Rock Rave,5/1/2024,12:00,"Little Rock, Arkansas"
643,643,8,The Washington Rave,5/1/2024,20:00,"Washington, District of Columbia"
644,644,357,The Abilene Philharmonic,5/5/2024,15:00,"Abilene, Texas"
645,645,56,The Omaha Music Festival,5/6/2024,12:00,"Omaha, Nebraska"
646,646,5,The Philadelphia Jazz Concert,5/8/2024,19:00,"Philadelphia, Pennsylvania"
647,647,28,The San Jose Music Festival,5/9/2024,18:00,"San Jose, California"
648,648,8,The Washington EDM festival,5/9/2024,19:00,"Washington, District of Columbia"
649,649,181,The Montgomery Jazz Concert,5/10/2024,20:00,"Montgomery, Alabama"
650,650,637,The Gary Concert for Upcoming Artists,5/11/2024,12:00,"Gary, Indiana"
651,651,3,The Miami Opera House,5/12/2024,11:00,"Miami, Florida"
652,652,30,The Pittsburgh Music Festival,5/12/2024,15:00,"Pittsburgh, Pennsylvania"
653,653,66,The Allentown Jazz Concert,5/12/2024,16:00,"Allentown, Pennsylvania"
654,654,8,The Washington Concert for Upcoming Artists,5/15/2024,20:00,"Washington, District of Columbia"
655,655,218,The Amarillo EDM festival,5/22/2024,13:00,"Amarillo, Texas"
656,656,97,The Reno Opera House,5/23/2024,18:00,"Reno, Nevada"
657,657,11,The Seattle Rave,5/24/2024,19:00,"Seattle, Washington"
658,658,998,The Juneau Jazz Concert,6/2/2024,14:00,"Juneau, Alaska"
659,659,357,The Abilene Jazz Concert,6/3/2024,14:00,"Abilene, Texas"
660,660,8,The Washington Music Festival,6/4/2024,19:00,"Washington, District of Columbia"
661,661,56,The Omaha Open Mic,6/4/2024,22:00,"Omaha, Nebraska"
662,662,67,The Tulsa Concert for Upcoming Artists,6/4/2024,20:00,"Tulsa, Oklahoma"
663,663,218,The Amarillo Opera House,6/5/2024,18:00,"Amarillo, Texas"
664,664,709,The Bossier City Philharmonic,6/6/2024,19:00,"Bossier City, Louisiana"
665,665,637,The Gary Open Mic,6/6/2024,13:00,"Gary, Indiana"
666,666,80,The Akron Music Festival,6/8/2024,13:00,"Akron, Ohio"
667,667,21,The Baltimore EDM festival,6/9/2024,19:00,"Baltimore, Maryland"
668,668,406,The Santa Fe Rave,6/10/2024,20:00,"Santa Fe, New Mexico"
669,669,28,The San Jose Opera House,6/11/2024,21:00,"San Jose, California"
670,670,97,The Reno Rave,6/12/2024,19:00,"Reno, Nevada"
671,671,53,The Fort Worth Jazz Concert,6/13/2024,13:00,"Fort Worth, Texas"
672,672,6,The Houston Music Festival,6/13/2024,12:00,"Houston, Texas"
673,673,22,The Las Vegas Philharmonic,6/14/2024,16:00,"Las Vegas, Nevada"
674,674,97,The Reno Philharmonic,6/16/2024,19:00,"Reno, Nevada"
675,675,66,The Allentown Concert for Upcoming Artists,6/17/2024,12:00,"Allentown, Pennsylvania"
676,676,22,The Las Vegas Jazz Concert,6/18/2024,16:00,"Las Vegas, Nevada"
677,677,25,The St. Louis EDM festival,6/18/2024,10:00,"St. Louis, Missouri"
678,678,22,The Las Vegas Philharmonic,6/22/2024,19:00,"Las Vegas, Nevada"
679,679,53,The Fort Worth EDM festival,6/22/2024,16:00,"Fort Worth, Texas"
680,680,67,The Tulsa Open Mic,6/22/2024,11:00,"Tulsa, Oklahoma"
681,681,28,The San Jose Music Festival,6/24/2024,21:00,"San Jose, California"
682,682,17,The Denver Music Festival,6/24/2024,22:00,"Denver, Colorado"
683,683,150,The Anchorage EDM festival,6/24/2024,20:00,"Anchorage, Alaska"
684,684,144,The St. Paul Opera House,6/26/2024,17:00,"St. Paul, Minnesota"
685,685,56,The Omaha Opera House,6/27/2024,13:00,"Omaha, Nebraska"
686,686,637,The Gary EDM festival,6/27/2024,10:00,"Gary, Indiana"
687,687,3,The Miami Opera House,6/28/2024,13:00,"Miami, Florida"
688,688,563,The Flagstaff Opera House,7/1/2024,12:00,"Flagstaff, Arizona"
689,689,11,The Seattle Jazz Concert,7/2/2024,18:00,"Seattle, Washington"
690,690,25,The St. Louis Music Festival,7/3/2024,18:00,"St. Louis, Missouri"
691,691,218,The Amarillo Philharmonic,7/3/2024,15:00,"Amarillo, Texas"
692,692,12,The San Francisco Concert for Upcoming Artists,7/5/2024,17:00,"San Francisco, California"
693,693,357,The Abilene Jazz Concert,7/7/2024,17:00,"Abilene, Texas"
694,694,406,The Santa Fe Jazz Concert,7/9/2024,18:00,"Santa Fe, New Mexico"
695,695,998,The Juneau Music Festival,7/10/2024,13:00,"Juneau, Alaska"
696,696,218,The Amarillo Philharmonic,7/10/2024,20:00,"Amarillo, Texas"
697,697,57,The El Paso EDM festival,7/11/2024,22:00,"El Paso, Texas"
698,698,55,The Tucson Opera House,7/13/2024,18:00,"Tucson, Arizona"
699,699,563,The Flagstaff Rave,7/14/2024,11:00,"Flagstaff, Arizona"
700,700,46,The Memphis EDM festival,7/17/2024,22:00,"Memphis, Tennessee"
701,701,999,The Marina del Rey Philharmonic,7/17/2024,11:00,"Marina del Rey, California"
702,702,57,The El Paso Concert for Upcoming Artists,7/17/2024,13:00,"El Paso, Texas"
703,703,984,The Galveston Opera House,7/18/2024,21:00,"Galveston, Texas"
704,704,35,The Indianapolis Jazz Concert,7/19/2024,19:00,"Indianapolis, Indiana"
705,705,35,The Indianapolis Rave,7/20/2024,19:00,"Indianapolis, Indiana"
706,706,709,The Bossier City Philharmonic,7/21/2024,21:00,"Bossier City, Louisiana"
707,707,21,The Baltimore Opera House,7/21/2024,20:00,"Baltimore, Maryland"
708,708,17,The Denver Rave,7/21/2024,22:00,"Denver, Colorado"
709,709,21,The Baltimore Concert for Upcoming Artists,7/25/2024,15:00,"Baltimore, Maryland"
710,710,24,The San Antonio Open Mic,7/26/2024,16:00,"San Antonio, Texas"
711,711,181,The Montgomery Concert for Upcoming Artists,8/1/2024,19:00,"Montgomery, Alabama"
712,712,30,The Pittsburgh EDM festival,8/2/2024,22:00,"Pittsburgh, Pennsylvania"
713,713,144,The St. Paul Philharmonic,8/6/2024,11:00,"St. Paul, Minnesota"
714,714,57,The El Paso Philharmonic,8/7/2024,15:00,"El Paso, Texas"
715,715,55,The Tucson Jazz Concert,8/7/2024,18:00,"Tucson, Arizona"
716,716,80,The Akron Music Festival,8/9/2024,11:00,"Akron, Ohio"
717,717,181,The Montgomery Rave,8/9/2024,22:00,"Montgomery, Alabama"
718,718,80,The Akron Open Mic,8/10/2024,17:00,"Akron, Ohio"
719,719,8,The Washington Concert for Upcoming Artists,8/10/2024,17:00,"Washington, District of Columbia"
720,720,357,The Abilene Opera House,8/10/2024,19:00,"Abilene, Texas"
721,721,56,The Omaha Rave,8/14/2024,13:00,"Omaha, Nebraska"
722,722,709,The Bossier City Rave,8/14/2024,21:00,"Bossier City, Louisiana"
723,723,25,The St. Louis Open Mic,8/14/2024,10:00,"St. Louis, Missouri"
724,724,406,The Santa Fe EDM festival,8/15/2024,13:00,"Santa Fe, New Mexico"
725,725,24,The San Antonio Opera House,8/15/2024,20:00,"San Antonio, Texas"
726,726,159,The Savannah Concert for Upcoming Artists,8/17/2024,13:00,"Savannah, Georgia"
727,727,35,The Indianapolis Opera House,8/17/2024,13:00,"Indianapolis, Indiana"
728,728,563,The Flagstaff Jazz Concert,8/18/2024,19:00,"Flagstaff, Arizona"
729,729,3,The Miami Philharmonic,8/18/2024,13:00,"Miami, Florida"
730,730,89,The Wichita Music Festival,8/19/2024,14:00,"Wichita, Kansas"
731,731,357,The Abilene Concert for Upcoming Artists,8/19/2024,20:00,"Abilene, Texas"
732,732,8,The Washington Philharmonic,8/20/2024,20:00,"Washington, District of Columbia"
733,733,56,The Omaha Philharmonic,8/21/2024,13:00,"Omaha, Nebraska"
734,734,33,The Kansas City Rave,8/22/2024,19:00,"Kansas City, Missouri"
735,735,6,The Houston Concert for Upcoming Artists,8/23/2024,18:00,"Houston, Texas"
736,736,563,The Flagstaff Rave,8/24/2024,14:00,"Flagstaff, Arizona"
737,737,4,The Dallas EDM festival,8/24/2024,19:00,"Dallas, Texas"
738,738,11,The Seattle Music Festival,8/25/2024,15:00,"Seattle, Washington"
739,739,58,The Honolulu Opera House,8/25/2024,11:00,"Honolulu, Hawaii"
740,740,357,The Abilene Concert for Upcoming Artists,8/26/2024,15:00,"Abilene, Texas"
741,741,97,The Reno Concert for Upcoming Artists,8/26/2024,16:00,"Reno, Nevada"
742,742,5,The Philadelphia Music Festival,8/26/2024,15:00,"Philadelphia, Pennsylvania"
743,743,17,The Denver Music Festival,8/27/2024,14:00,"Denver, Colorado"
744,744,56,The Omaha Jazz Concert,8/27/2024,22:00,"Omaha, Nebraska"
745,745,67,The Tulsa Music Festival,9/2/2024,10:00,"Tulsa, Oklahoma"
746,746,4,The Dallas Jazz Concert,9/2/2024,12:00,"Dallas, Texas"
747,747,181,The Montgomery Philharmonic,9/3/2024,21:00,"Montgomery, Alabama"
748,748,181,The Montgomery Jazz Concert,9/4/2024,19:00,"Montgomery, Alabama"
749,749,35,The Indianapolis Rave,9/5/2024,18:00,"Indianapolis, Indiana"
750,750,222,The Olympia Opera House,9/7/2024,22:00,"Olympia, Washington"
751,751,30,The Pittsburgh Open Mic,9/9/2024,18:00,"Pittsburgh, Pennsylvania"
752,752,56,The Omaha Open Mic,9/9/2024,17:00,"Omaha, Nebraska"
753,753,8,The Washington Opera House,9/10/2024,19:00,"Washington, District of Columbia"
754,754,6,The Houston EDM festival,9/11/2024,21:00,"Houston, Texas"
755,755,144,The St. Paul Jazz Concert,9/11/2024,15:00,"St. Paul, Minnesota"
756,756,12,The San Francisco Philharmonic,9/12/2024,12:00,"San Francisco, California"
757,757,357,The Abilene Rave,9/12/2024,11:00,"Abilene, Texas"
758,758,406,The Santa Fe Philharmonic,9/15/2024,18:00,"Santa Fe, New Mexico"
759,759,5,The Philadelphia Opera House,9/17/2024,10:00,"Philadelphia, Pennsylvania"
760,760,170,The Laredo Rave,9/17/2024,13:00,"Laredo, Texas"
761,761,0,The New York City Jazz Concert,9/18/2024,20:00,"New York City, New York"
762,762,89,The Wichita Concert for Upcoming Artists,9/19/2024,20:00,"Wichita, Kansas"
763,763,97,The Reno Rave,9/19/2024,11:00,"Reno, Nevada"
764,764,56,The Omaha Jazz Concert,9/20/2024,16:00,"Omaha, Nebraska"
765,765,99,The Little Rock Philharmonic,9/20/2024,13:00,"Little Rock, Arkansas"
766,766,30,The Pittsburgh Rave,10/1/2024,14:00,"Pittsburgh, Pennsylvania"
767,767,406,The Santa Fe Open Mic,10/1/2024,19:00,"Santa Fe, New Mexico"
768,768,17,The Denver Opera House,10/2/2024,19:00,"Denver, Colorado"
769,769,0,The New York City Rave,10/3/2024,12:00,"New York City, New York"
770,770,24,The San Antonio Rave,10/4/2024,11:00,"San Antonio, Texas"
771,771,5,The Philadelphia Concert for Upcoming Artists,10/5/2024,10:00,"Philadelphia, Pennsylvania"
772,772,55,The Tucson Philharmonic,10/7/2024,17:00,"Tucson, Arizona"
773,773,709,The Bossier City Jazz Concert,10/12/2024,16:00,"Bossier City, Louisiana"
774,774,5,The Philadelphia Philharmonic,10/12/2024,13:00,"Philadelphia, Pennsylvania"
775,775,984,The Galveston Philharmonic,10/13/2024,12:00,"Galveston, Texas"
776,776,97,The Reno Music Festival,10/14/2024,15:00,"Reno, Nevada"
777,777,53,The Fort Worth Music Festival,10/16/2024,20:00,"Fort Worth, Texas"
778,778,10,The Phoenix Opera House,10/17/2024,19:00,"Phoenix, Arizona"
779,779,181,The Montgomery Rave,10/18/2024,14:00,"Montgomery, Alabama"
780,780,637,The Gary Jazz Concert,10/18/2024,15:00,"Gary, Indiana"
781,781,637,The Gary Opera House,10/20/2024,11:00,"Gary, Indiana"
782,782,5,The Philadelphia Rave,10/20/2024,10:00,"Philadelphia, Pennsylvania"
783,783,159,The Savannah EDM festival,10/20/2024,14:00,"Savannah, Georgia"
784,784,218,The Amarillo Philharmonic,10/22/2024,15:00,"Amarillo, Texas"
785,785,33,The Kansas City Rave,10/25/2024,21:00,"Kansas City, Missouri"
786,786,222,The Olympia EDM festival,10/25/2024,17:00,"Olympia, Washington"
787,787,55,The Tucson Jazz Concert,10/26/2024,12:00,"Tucson, Arizona"
788,788,357,The Abilene Philharmonic,10/27/2024,11:00,"Abilene, Texas"
789,789,3,The Miami Jazz Concert,10/28/2024,13:00,"Miami, Florida"
790,790,33,The Kansas City Philharmonic,11/1/2024,17:00,"Kansas City, Missouri"
791,791,170,The Laredo Concert for Upcoming Artists,11/2/2024,16:00,"Laredo, Texas"
792,792,99,The Little Rock Opera House,11/3/2024,13:00,"Little Rock, Arkansas"
793,793,222,The Olympia Concert for Upcoming Artists,11/3/2024,17:00,"Olympia, Washington"
794,794,999,The Marina del Rey Concert for Upcoming Artists,11/4/2024,18:00,"Marina del Rey, California"
795,795,46,The Memphis Open Mic,11/4/2024,11:00,"Memphis, Tennessee"
796,796,99,The Little Rock Music Festival,11/4/2024,20:00,"Little Rock, Arkansas"
797,797,159,The Savannah Opera House,11/8/2024,18:00,"Savannah, Georgia"
798,798,709,The Bossier City Philharmonic,11/10/2024,12:00,"Bossier City, Louisiana"
799,799,10,The Phoenix Open Mic,11/10/2024,21:00,"Phoenix, Arizona"
800,800,22,The Las Vegas Jazz Concert,11/11/2024,16:00,"Las Vegas, Nevada"
801,801,11,The Seattle Philharmonic,11/11/2024,10:00,"Seattle, Washington"
802,802,181,The Montgomery Concert for Upcoming Artists,11/13/2024,13:00,"Montgomery, Alabama"
803,803,4,The Dallas EDM festival,11/16/2024,21:00,"Dallas, Texas"
804,804,4,The Dallas EDM festival,11/17/2024,21:00,"Dallas, Texas"
805,805,99,The Little Rock Rave,11/19/2024,15:00,"Little Rock, Arkansas"
806,806,984,The Galveston Rave,11/20/2024,21:00,"Galveston, Texas"
807,807,53,The Fort Worth Opera House,11/20/2024,18:00,"Fort Worth, Texas"
808,808,24,The San Antonio Open Mic,11/20/2024,19:00,"San Antonio, Texas"
809,809,17,The Denver Music Festival,11/21/2024,14:00,"Denver, Colorado"
810,810,170,The Laredo EDM festival,11/21/2024,14:00,"Laredo, Texas"
811,811,218,The Amarillo Jazz Concert,11/21/2024,15:00,"Amarillo, Texas"
812,812,97,The Reno Philharmonic,11/22/2024,11:00,"Reno, Nevada"
813,813,262,The Garden Grove Rave,11/25/2024,15:00,"Garden Grove, California"
814,814,17,The Denver EDM festival,11/26/2024,12:00,"Denver, Colorado"
815,815,31,The Austin Jazz Concert,11/28/2024,15:00,"Austin, Texas"
816,816,29,The Cleveland Music Festival,12/3/2024,18:00,"Cleveland, Ohio"
817,817,89,The Wichita EDM festival,12/3/2024,17:00,"Wichita, Kansas"
818,818,89,The Wichita EDM festival,12/4/2024,20:00,"Wichita, Kansas"
819,819,57,The El Paso Music Festival,12/6/2024,20:00,"El Paso, Texas"
820,820,30,The Pittsburgh Music Festival,12/8/2024,16:00,"Pittsburgh, Pennsylvania"
821,821,144,The St. Paul Philharmonic,12/9/2024,12:00,"St. Paul, Minnesota"
822,822,0,The New York City Rave,12/9/2024,16:00,"New York City, New York"
823,823,80,The Akron Concert for Upcoming Artists,12/10/2024,14:00,"Akron, Ohio"
824,824,55,The Tucson Open Mic,12/10/2024,20:00,"Tucson, Arizona"
825,825,10,The Phoenix Opera House,12/12/2024,13:00,"Phoenix, Arizona"
826,826,5,The Philadelphia Jazz Concert,12/12/2024,13:00,"Philadelphia, Pennsylvania"
827,827,67,The Tulsa Rave,12/15/2024,22:00,"Tulsa, Oklahoma"
828,828,181,The Montgomery Philharmonic,12/17/2024,17:00,"Montgomery, Alabama"
829,829,637,The Gary Philharmonic,12/19/2024,19:00,"Gary, Indiana"
830,830,31,The Austin EDM festival,12/20/2024,21:00,"Austin, Texas"
831,831,25,The St. Louis Opera House,12/21/2024,18:00,"St. Louis, Missouri"
832,832,11,The Seattle Jazz Concert,12/22/2024,11:00,"Seattle, Washington"
833,833,637,The Gary EDM festival,12/23/2024,14:00,"Gary, Indiana"
834,834,46,The Memphis Opera House,12/23/2024,13:00,"Memphis, Tennessee"
835,835,0,The New York City Opera House,12/24/2024,22:00,"New York City, New York"
836,836,35,The Indianapolis Open Mic,12/25/2024,15:00,"Indianapolis, Indiana"
837,837,22,The Las Vegas Music Festival,12/25/2024,13:00,"Las Vegas, Nevada"
838,838,60,The Albuquerque Philharmonic,1/2/2025,11:00,"Albuquerque, New Mexico"
839,839,5,The Philadelphia Opera House,1/3/2025,13:00,"Philadelphia, Pennsylvania"
840,840,159,The Savannah Concert for Upcoming Artists,1/5/2025,15:00,"Savannah, Georgia"
841,841,66,The Allentown Opera House,1/9/2025,12:00,"Allentown, Pennsylvania"
842,842,33,The Kansas City Open Mic,1/12/2025,20:00,"Kansas City, Missouri"
843,843,563,The Flagstaff Open Mic,1/14/2025,21:00,"Flagstaff, Arizona"
844,844,28,The San Jose Concert for Upcoming Artists,1/17/2025,12:00,"San Jose, California"
845,845,12,The San Francisco Jazz Concert,1/17/2025,14:00,"San Francisco, California"
846,846,222,The Olympia Philharmonic,1/19/2025,19:00,"Olympia, Washington"
847,847,999,The Marina del Rey Music Festival,1/19/2025,20:00,"Marina del Rey, California"
848,848,8,The Washington Opera House,1/20/2025,11:00,"Washington, District of Columbia"
849,849,181,The Montgomery Jazz Concert,1/20/2025,12:00,"Montgomery, Alabama"
850,850,66,The Allentown Open Mic,1/20/2025,21:00,"Allentown, Pennsylvania"
851,851,144,The St. Paul Music Festival,1/20/2025,19:00,"St. Paul, Minnesota"
852,852,3,The Miami Open Mic,1/21/2025,21:00,"Miami, Florida"
853,853,150,The Anchorage Philharmonic,1/24/2025,20:00,"Anchorage, Alaska"
854,854,637,The Gary Jazz Concert,1/24/2025,14:00,"Gary, Indiana"
855,855,222,The Olympia Opera House,1/24/2025,16:00,"Olympia, Washington"
856,856,5,The Philadelphia Music Festival,1/27/2025,10:00,"Philadelphia, Pennsylvania"
857,857,22,The Las Vegas Concert for Upcoming Artists,2/1/2025,17:00,"Las Vegas, Nevada"
858,858,3,The Miami Jazz Concert,2/1/2025,22:00,"Miami, Florida"
859,859,262,The Garden Grove Jazz Concert,2/1/2025,12:00,"Garden Grove, California"
860,860,181,The Montgomery Rave,2/3/2025,22:00,"Montgomery, Alabama"
861,861,984,The Galveston Opera House,2/4/2025,17:00,"Galveston, Texas"
862,862,17,The Denver Jazz Concert,2/5/2025,15:00,"Denver, Colorado"
863,863,3,The Miami Philharmonic,2/7/2025,22:00,"Miami, Florida"
864,864,11,The Seattle Opera House,2/9/2025,14:00,"Seattle, Washington"
865,865,262,The Garden Grove Music Festival,2/9/2025,13:00,"Garden Grove, California"
866,866,67,The Tulsa Rave,2/10/2025,12:00,"Tulsa, Oklahoma"
867,867,46,The Memphis EDM festival,2/10/2025,11:00,"Memphis, Tennessee"
868,868,55,The Tucson EDM festival,2/12/2025,12:00,"Tucson, Arizona"
869,869,17,The Denver EDM festival,2/13/2025,17:00,"Denver, Colorado"
870,870,637,The Gary Concert for Upcoming Artists,2/13/2025,19:00,"Gary, Indiana"
871,871,0,The New York City Music Festival,2/14/2025,13:00,"New York City, New York"
872,872,35,The Indianapolis Philharmonic,2/15/2025,12:00,"Indianapolis, Indiana"
873,873,29,The Cleveland Philharmonic,2/16/2025,19:00,"Cleveland, Ohio"
874,874,24,The San Antonio Jazz Concert,2/17/2025,17:00,"San Antonio, Texas"
875,875,24,The San Antonio Philharmonic,2/17/2025,13:00,"San Antonio, Texas"
876,876,5,The Philadelphia Rave,2/17/2025,12:00,"Philadelphia, Pennsylvania"
877,877,30,The Pittsburgh Rave,2/19/2025,10:00,"Pittsburgh, Pennsylvania"
878,878,6,The Houston EDM festival,2/21/2025,17:00,"Houston, Texas"
879,879,181,The Montgomery Jazz Concert,2/21/2025,19:00,"Montgomery, Alabama"
880,880,24,The San Antonio EDM festival,2/22/2025,20:00,"San Antonio, Texas"
881,881,6,The Houston Music Festival,2/25/2025,12:00,"Houston, Texas"
882,882,222,The Olympia Jazz Concert,2/28/2025,10:00,"Olympia, Washington"
883,883,35,The Indianapolis Philharmonic,3/1/2025,16:00,"Indianapolis, Indiana"
884,884,11,The Seattle Jazz Concert,3/3/2025,22:00,"Seattle, Washington"
885,885,80,The Akron Jazz Concert,3/3/2025,19:00,"Akron, Ohio"
886,886,80,The Akron Opera House,3/4/2025,19:00,"Akron, Ohio"
887,887,30,The Pittsburgh Music Festival,3/5/2025,11:00,"Pittsburgh, Pennsylvania"
888,888,56,The Omaha Philharmonic,3/5/2025,17:00,"Omaha, Nebraska"
889,889,31,The Austin EDM festival,3/7/2025,17:00,"Austin, Texas"
890,890,46,The Memphis Rave,3/7/2025,10:00,"Memphis, Tennessee"
891,891,57,The El Paso Opera House,3/8/2025,18:00,"El Paso, Texas"
892,892,66,The Allentown Opera House,3/8/2025,15:00,"Allentown, Pennsylvania"
893,893,21,The Baltimore Jazz Concert,3/9/2025,13:00,"Baltimore, Maryland"
894,894,150,The Anchorage Philharmonic,3/9/2025,11:00,"Anchorage, Alaska"
895,895,357,The Abilene Jazz Concert,3/11/2025,11:00,"Abilene, Texas"
896,896,21,The Baltimore Rave,3/11/2025,14:00,"Baltimore, Maryland"
897,897,709,The Bossier City Open Mic,3/11/2025,14:00,"Bossier City, Louisiana"
898,898,563,The Flagstaff Opera House,3/12/2025,13:00,"Flagstaff, Arizona"
899,899,984,The Galveston Concert for Upcoming Artists,3/14/2025,14:00,"Galveston, Texas"
900,900,0,The New York City Opera House,3/14/2025,21:00,"New York City, New York"
901,901,984,The Galveston Rave,3/15/2025,18:00,"Galveston, Texas"
902,902,222,The Olympia Philharmonic,3/16/2025,14:00,"Olympia, Washington"
903,903,0,The New York City Rave,3/16/2025,12:00,"New York City, New York"
904,904,637,The Gary Music Festival,3/18/2025,13:00,"Gary, Indiana"
905,905,60,The Albuquerque Jazz Concert,3/20/2025,18:00,"Albuquerque, New Mexico"
906,906,28,The San Jose EDM festival,3/22/2025,12:00,"San Jose, California"
907,907,31,The Austin Concert for Upcoming Artists,3/23/2025,18:00,"Austin, Texas"
908,908,11,The Seattle EDM festival,3/24/2025,22:00,"Seattle, Washington"
909,909,262,The Garden Grove Rave,3/28/2025,12:00,"Garden Grove, California"
910,910,57,The El Paso Jazz Concert,3/28/2025,10:00,"El Paso, Texas"
911,911,159,The Savannah Open Mic,4/1/2025,12:00,"Savannah, Georgia"
912,912,33,The Kansas City EDM festival,4/1/2025,20:00,"Kansas City, Missouri"
913,913,3,The Miami Concert for Upcoming Artists,4/2/2025,15:00,"Miami, Florida"
914,914,89,The Wichita Opera House,4/2/2025,11:00,"Wichita, Kansas"
915,915,0,The New York City Open Mic,4/3/2025,21:00,"New York City, New York"
916,916,150,The Anchorage Philharmonic,4/5/2025,18:00,"Anchorage, Alaska"
917,917,150,The Anchorage Concert for Upcoming Artists,4/7/2025,21:00,"Anchorage, Alaska"
918,918,67,The Tulsa Open Mic,4/8/2025,12:00,"Tulsa, Oklahoma"
919,919,89,The Wichita Opera House,4/8/2025,15:00,"Wichita, Kansas"
920,920,709,The Bossier City Concert for Upcoming Artists,4/8/2025,10:00,"Bossier City, Louisiana"
921,921,218,The Amarillo Jazz Concert,4/9/2025,19:00,"Amarillo, Texas"
922,922,984,The Galveston Open Mic,4/9/2025,20:00,"Galveston, Texas"
923,923,24,The San Antonio Open Mic,4/10/2025,22:00,"San Antonio, Texas"
924,924,60,The Albuquerque Opera House,4/10/2025,20:00,"Albuquerque, New Mexico"
925,925,46,The Memphis Open Mic,4/11/2025,21:00,"Memphis, Tennessee"
926,926,29,The Cleveland Music Festival,4/13/2025,11:00,"Cleveland, Ohio"
927,927,170,The Laredo Philharmonic,4/16/2025,13:00,"Laredo, Texas"
928,928,53,The Fort Worth EDM festival,4/17/2025,19:00,"Fort Worth, Texas"
929,929,31,The Austin Music Festival,4/17/2025,21:00,"Austin, Texas"
930,930,97,The Reno EDM festival,4/19/2025,20:00,"Reno, Nevada"
931,931,35,The Indianapolis Rave,4/19/2025,22:00,"Indianapolis, Indiana"
932,932,984,The Galveston EDM festival,4/20/2025,11:00,"Galveston, Texas"
933,933,66,The Allentown EDM festival,4/20/2025,14:00,"Allentown, Pennsylvania"
934,934,170,The Laredo Opera House,4/21/2025,17:00,"Laredo, Texas"
935,935,22,The Las Vegas Music Festival,4/21/2025,14:00,"Las Vegas, Nevada"
936,936,29,The Cleveland Philharmonic,4/22/2025,21:00,"Cleveland, Ohio"
937,937,159,The Savannah Opera House,4/23/2025,14:00,"Savannah, Georgia"
938,938,3,The Miami Music Festival,4/27/2025,21:00,"Miami, Florida"
939,939,55,The Tucson Concert for Upcoming Artists,4/28/2025,20:00,"Tucson, Arizona"
940,940,67,The Tulsa Jazz Concert,4/28/2025,16:00,"Tulsa, Oklahoma"
941,941,58,The Honolulu Opera House,5/2/2025,18:00,"Honolulu, Hawaii"
942,942,58,The Honolulu Jazz Concert,5/4/2025,13:00,"Honolulu, Hawaii"
943,943,218,The Amarillo Rave,5/5/2025,11:00,"Amarillo, Texas"
944,944,57,The El Paso Philharmonic,5/5/2025,19:00,"El Paso, Texas"
945,945,46,The Memphis Jazz Concert,5/7/2025,21:00,"Memphis, Tennessee"
946,946,31,The Austin Open Mic,5/7/2025,10:00,"Austin, Texas"
947,947,10,The Phoenix Open Mic,5/8/2025,15:00,"Phoenix, Arizona"
948,948,28,The San Jose Philharmonic,5/8/2025,13:00,"San Jose, California"
949,949,17,The Denver EDM festival,5/11/2025,14:00,"Denver, Colorado"
950,950,30,The Pittsburgh Philharmonic,5/13/2025,15:00,"Pittsburgh, Pennsylvania"
951,951,262,The Garden Grove Music Festival,5/13/2025,15:00,"Garden Grove, California"
952,952,984,The Galveston Open Mic,5/14/2025,11:00,"Galveston, Texas"
953,953,66,The Allentown Open Mic,5/15/2025,10:00,"Allentown, Pennsylvania"
954,954,637,The Gary Opera House,5/15/2025,13:00,"Gary, Indiana"
955,955,24,The San Antonio Jazz Concert,5/15/2025,13:00,"San Antonio, Texas"
956,956,53,The Fort Worth Concert for Upcoming Artists,5/16/2025,21:00,"Fort Worth, Texas"
957,957,637,The Gary Rave,5/17/2025,10:00,"Gary, Indiana"
958,958,218,The Amarillo Opera House,5/18/2025,20:00,"Amarillo, Texas"
959,959,58,The Honolulu Open Mic,5/18/2025,22:00,"Honolulu, Hawaii"
960,960,357,The Abilene Jazz Concert,5/19/2025,12:00,"Abilene, Texas"
961,961,57,The El Paso Open Mic,5/20/2025,21:00,"El Paso, Texas"
962,962,998,The Juneau Music Festival,5/23/2025,14:00,"Juneau, Alaska"
963,963,999,The Marina del Rey Philharmonic,5/23/2025,20:00,"Marina del Rey, California"
964,964,29,The Cleveland Opera House,5/24/2025,22:00,"Cleveland, Ohio"
965,965,58,The Honolulu Concert for Upcoming Artists,5/24/2025,15:00,"Honolulu, Hawaii"
966,966,11,The Seattle Jazz Concert,5/25/2025,20:00,"Seattle, Washington"
967,967,5,The Philadelphia Open Mic,5/25/2025,15:00,"Philadelphia, Pennsylvania"
968,968,12,The San Francisco Jazz Concert,5/27/2025,13:00,"San Francisco, California"
969,969,24,The San Antonio Open Mic,6/1/2025,19:00,"San Antonio, Texas"
970,970,8,The Washington Jazz Concert,6/3/2025,15:00,"Washington, District of Columbia"
971,971,89,The Wichita Opera House,6/3/2025,10:00,"Wichita, Kansas"
972,972,22,The Las Vegas Open Mic,6/4/2025,10:00,"Las Vegas, Nevada"
973,973,999,The Marina del Rey Philharmonic,6/5/2025,22:00,"Marina del Rey, California"
974,974,4,The Dallas Opera House,6/5/2025,17:00,"Dallas, Texas"
975,975,406,The Santa Fe Rave,6/5/2025,12:00,"Santa Fe, New Mexico"
976,976,25,The St. Louis Jazz Concert,6/8/2025,15:00,"St. Louis, Missouri"
977,977,357,The Abilene Philharmonic,6/8/2025,14:00,"Abilene, Texas"
978,978,998,The Juneau Open Mic,6/9/2025,17:00,"Juneau, Alaska"
979,979,67,The Tulsa Jazz Concert,6/10/2025,12:00,"Tulsa, Oklahoma"
980,980,181,The Montgomery Concert for Upcoming Artists,6/10/2025,14:00,"Montgomery, Alabama"
981,981,67,The Tulsa Philharmonic,6/10/2025,11:00,"Tulsa, Oklahoma"
982,982,181,The Montgomery Jazz Concert,6/10/2025,17:00,"Montgomery, Alabama"
983,983,99,The Little Rock EDM festival,6/11/2025,11:00,"Little Rock, Arkansas"
984,984,35,The Indianapolis EDM festival,6/12/2025,15:00,"Indianapolis, Indiana"
985,985,33,The Kansas City Rave,6/15/2025,13:00,"Kansas City, Missouri"
986,986,35,The Indianapolis Music Festival,6/16/2025,13:00,"Indianapolis, Indiana"
987,987,33,The Kansas City Music Festival,6/16/2025,15:00,"Kansas City, Missouri"
988,988,12,The San Francisco Music Festival,6/17/2025,17:00,"San Francisco, California"
989,989,984,The Galveston Jazz Concert,6/17/2025,17:00,"Galveston, Texas"
990,990,222,The Olympia Concert for Upcoming Artists,6/17/2025,16:00,"Olympia, Washington"
991,991,150,The Anchorage EDM festival,6/20/2025,22:00,"Anchorage, Alaska"
992,992,53,The Fort Worth Open Mic,6/22/2025,11:00,"Fort Worth, Texas"
993,993,57,The El Paso Philharmonic,6/22/2025,16:00,"El Paso, Texas"
994,994,30,The Pittsburgh EDM festival,6/25/2025,19:00,"Pittsburgh, Pennsylvania"
995,995,181,The Montgomery Jazz Concert,7/1/2025,12:00,"Montgomery, Alabama"
996,996,406,The Santa Fe Open Mic,7/9/2025,18:00,"Santa Fe, New Mexico"
997,997,56,The Omaha Jazz Concert,7/10/2025,12:00,"Omaha, Nebraska"
998,998,150,The Anchorage Opera House,7/14/2025,13:00,"Anchorage, Alaska"
999,999,60,The Albuquerque Music Festival,7/14/2025,19:00,"Albuquerque, New Mexico"
1000,1000,144,The St. Paul EDM festival,7/16/2025,15:00,"St. Paul, Minnesota"
1001,1001,10,The Phoenix Jazz Concert,7/17/2025,12:00,"Phoenix, Arizona"
1002,1002,262,The Garden Grove Music Festival,7/22/2025,17:00,"Garden Grove, California"
1003,1003,22,The Las Vegas EDM festival,7/24/2025,16:00,"Las Vegas, Nevada"
1004,1004,218,The Amarillo Concert for Upcoming Artists,7/26/2025,22:00,"Amarillo, Texas"
1005,1005,406,The Santa Fe Music Festival,8/1/2025,21:00,"Santa Fe, New Mexico"
1006,1006,159,The Savannah Rave,8/1/2025,15:00,"Savannah, Georgia"
1007,1007,11,The Seattle EDM festival,8/2/2025,19:00,"Seattle, Washington"
1008,1008,0,The New York City Open Mic,8/4/2025,16:00,"New York City, New York"
1009,1009,218,The Amarillo Open Mic,8/5/2025,21:00,"Amarillo, Texas"
1010,1010,563,The Flagstaff Opera House,8/5/2025,10:00,"Flagstaff, Arizona"
1011,1011,57,The El Paso Music Festival,8/8/2025,21:00,"El Paso, Texas"
1012,1012,56,The Omaha Opera House,8/9/2025,22:00,"Omaha, Nebraska"
1013,1013,999,The Marina del Rey Concert for Upcoming Artists,8/9/2025,21:00,"Marina del Rey, California"
1014,1014,21,The Baltimore Rave,8/10/2025,18:00,"Baltimore, Maryland"
1015,1015,262,The Garden Grove Open Mic,8/11/2025,10:00,"Garden Grove, California"
1016,1016,21,The Baltimore Music Festival,8/11/2025,11:00,"Baltimore, Maryland"
1017,1017,22,The Las Vegas Rave,8/12/2025,13:00,"Las Vegas, Nevada"
1018,1018,89,The Wichita EDM festival,8/13/2025,22:00,"Wichita, Kansas"
1019,1019,60,The Albuquerque Music Festival,8/13/2025,13:00,"Albuquerque, New Mexico"
1020,1020,406,The Santa Fe Philharmonic,8/13/2025,22:00,"Santa Fe, New Mexico"
1021,1021,33,The Kansas City Open Mic,8/14/2025,16:00,"Kansas City, Missouri"
1022,1022,10,The Phoenix Opera House,8/14/2025,10:00,"Phoenix, Arizona"
1023,1023,3,The Miami Rave,8/14/2025,18:00,"Miami, Florida"
1024,1024,28,The San Jose Music Festival,8/15/2025,13:00,"San Jose, California"
1025,1025,8,The Washington Philharmonic,8/16/2025,21:00,"Washington, District of Columbia"
1026,1026,24,The San Antonio Open Mic,8/16/2025,13:00,"San Antonio, Texas"
1027,1027,31,The Austin Philharmonic,8/17/2025,14:00,"Austin, Texas"
1028,1028,222,The Olympia Opera House,8/18/2025,20:00,"Olympia, Washington"
1029,1029,12,The San Francisco Opera House,8/19/2025,16:00,"San Francisco, California"
1030,1030,30,The Pittsburgh Jazz Concert,8/19/2025,19:00,"Pittsburgh, Pennsylvania"
1031,1031,17,The Denver EDM festival,8/19/2025,21:00,"Denver, Colorado"
1032,1032,35,The Indianapolis Philharmonic,8/19/2025,18:00,"Indianapolis, Indiana"
1033,1033,67,The Tulsa EDM festival,8/20/2025,12:00,"Tulsa, Oklahoma"
1034,1034,262,The Garden Grove Philharmonic,8/22/2025,20:00,"Garden Grove, California"
1035,1035,3,The Miami Opera House,8/24/2025,16:00,"Miami, Florida"
1036,1036,999,The Marina del Rey EDM festival,8/24/2025,20:00,"Marina del Rey, California"
1037,1037,33,The Kansas City EDM festival,8/24/2025,13:00,"Kansas City, Missouri"
1038,1038,4,The Dallas EDM festival,8/25/2025,17:00,"Dallas, Texas"
1039,1039,57,The El Paso Music Festival,8/26/2025,18:00,"El Paso, Texas"
1040,1040,99,The Little Rock Jazz Concert,8/27/2025,21:00,"Little Rock, Arkansas"
1041,1041,97,The Reno Concert for Upcoming Artists,9/1/2025,12:00,"Reno, Nevada"
1042,1042,709,The Bossier City Rave,9/1/2025,16:00,"Bossier City, Louisiana"
1043,1043,30,The Pittsburgh EDM festival,9/2/2025,16:00,"Pittsburgh, Pennsylvania"
1044,1044,144,The St. Paul EDM festival,9/3/2025,10:00,"St. Paul, Minnesota"
1045,1045,97,The Reno EDM festival,9/7/2025,13:00,"Reno, Nevada"
1046,1046,97,The Reno Concert for Upcoming Artists,9/7/2025,20:00,"Reno, Nevada"
1047,1047,998,The Juneau Music Festival,9/7/2025,12:00,"Juneau, Alaska"
1048,1048,159,The Savannah Jazz Concert,9/10/2025,18:00,"Savannah, Georgia"
1049,1049,563,The Flagstaff Philharmonic,9/12/2025,22:00,"Flagstaff, Arizona"
1050,1050,29,The Cleveland Open Mic,9/12/2025,16:00,"Cleveland, Ohio"
1051,1051,4,The Dallas Opera House,9/12/2025,21:00,"Dallas, Texas"
1052,1052,984,The Galveston EDM festival,9/13/2025,12:00,"Galveston, Texas"
1053,1053,97,The Reno Concert for Upcoming Artists,9/13/2025,20:00,"Reno, Nevada"
1054,1054,6,The Houston Rave,9/14/2025,15:00,"Houston, Texas"
1055,1055,31,The Austin Opera House,9/15/2025,21:00,"Austin, Texas"
1056,1056,10,The Phoenix Rave,9/16/2025,17:00,"Phoenix, Arizona"
1057,1057,30,The Pittsburgh Music Festival,9/17/2025,21:00,"Pittsburgh, Pennsylvania"
1058,1058,262,The Garden Grove Opera House,9/17/2025,11:00,"Garden Grove, California"
1059,1059,181,The Montgomery Opera House,9/18/2025,11:00,"Montgomery, Alabama"
1060,1060,35,The Indianapolis Rave,9/20/2025,16:00,"Indianapolis, Indiana"
1061,1061,21,The Baltimore Jazz Concert,9/21/2025,19:00,"Baltimore, Maryland"
1062,1062,5,The Philadelphia Opera House,9/21/2025,12:00,"Philadelphia, Pennsylvania"
1063,1063,170,The Laredo Philharmonic,9/23/2025,21:00,"Laredo, Texas"
1064,1064,12,The San Francisco Music Festival,9/23/2025,14:00,"San Francisco, California"
1065,1065,8,The Washington Philharmonic,9/23/2025,12:00,"Washington, District of Columbia"
1066,1066,35,The Indianapolis Open Mic,9/24/2025,19:00,"Indianapolis, Indiana"
1067,1067,53,The Fort Worth EDM festival,9/24/2025,15:00,"Fort Worth, Texas"
1068,1068,56,The Omaha Rave,9/25/2025,17:00,"Omaha, Nebraska"
1069,1069,33,The Kansas City Music Festival,9/25/2025,16:00,"Kansas City, Missouri"
1070,1070,22,The Las Vegas Opera House,10/1/2025,22:00,"Las Vegas, Nevada"
1071,1071,998,The Juneau Open Mic,10/2/2025,12:00,"Juneau, Alaska"
1072,1072,58,The Honolulu Philharmonic,10/3/2025,21:00,"Honolulu, Hawaii"
1073,1073,709,The Bossier City Jazz Concert,10/3/2025,12:00,"Bossier City, Louisiana"
1074,1074,4,The Dallas EDM festival,10/7/2025,20:00,"Dallas, Texas"
1075,1075,56,The Omaha Jazz Concert,10/8/2025,19:00,"Omaha, Nebraska"
1076,1076,3,The Miami Open Mic,10/9/2025,19:00,"Miami, Florida"
1077,1077,25,The St. Louis Rave,10/10/2025,18:00,"St. Louis, Missouri"
1078,1078,8,The Washington EDM festival,10/10/2025,19:00,"Washington, District of Columbia"
1079,1079,31,The Austin Jazz Concert,10/11/2025,16:00,"Austin, Texas"
1080,1080,21,The Baltimore Jazz Concert,10/12/2025,21:00,"Baltimore, Maryland"
1081,1081,406,The Santa Fe Music Festival,10/15/2025,19:00,"Santa Fe, New Mexico"
1082,1082,17,The Denver Concert for Upcoming Artists,10/16/2025,22:00,"Denver, Colorado"
1083,1083,3,The Miami EDM festival,10/17/2025,18:00,"Miami, Florida"
1084,1084,66,The Allentown Philharmonic,10/18/2025,15:00,"Allentown, Pennsylvania"
1085,1085,33,The Kansas City Music Festival,10/19/2025,12:00,"Kansas City, Missouri"
1086,1086,30,The Pittsburgh Philharmonic,10/21/2025,22:00,"Pittsburgh, Pennsylvania"
1087,1087,60,The Albuquerque Philharmonic,10/23/2025,22:00,"Albuquerque, New Mexico"
1088,1088,29,The Cleveland EDM festival,10/24/2025,21:00,"Cleveland, Ohio"
1089,1089,150,The Anchorage Open Mic,10/26/2025,12:00,"Anchorage, Alaska"
1090,1090,12,The San Francisco Open Mic,10/27/2025,11:00,"San Francisco, California"
1091,1091,29,The Cleveland Rave,10/28/2025,21:00,"Cleveland, Ohio"
1092,1092,170,The Laredo Philharmonic,10/28/2025,17:00,"Laredo, Texas"
1093,1093,10,The Phoenix Open Mic,11/1/2025,13:00,"Phoenix, Arizona"
1094,1094,55,The Tucson Open Mic,11/2/2025,12:00,"Tucson, Arizona"
1095,1095,29,The Cleveland Rave,11/4/2025,19:00,"Cleveland, Ohio"
1096,1096,999,The Marina del Rey Philharmonic,11/4/2025,22:00,"Marina del Rey, California"
1097,1097,10,The Phoenix Concert for Upcoming Artists,11/6/2025,14:00,"Phoenix, Arizona"
1098,1098,80,The Akron Philharmonic,11/6/2025,14:00,"Akron, Ohio"
1099,1099,998,The Juneau Music Festival,11/6/2025,21:00,"Juneau, Alaska"
1100,1100,144,The St. Paul EDM festival,11/8/2025,15:00,"St. Paul, Minnesota"
1101,1101,563,The Flagstaff EDM festival,11/8/2025,22:00,"Flagstaff, Arizona"
1102,1102,3,The Miami Concert for Upcoming Artists,11/9/2025,18:00,"Miami, Florida"
1103,1103,17,The Denver Jazz Concert,11/11/2025,11:00,"Denver, Colorado"
1104,1104,33,The Kansas City Rave,11/11/2025,13:00,"Kansas City, Missouri"
1105,1105,57,The El Paso Concert for Upcoming Artists,11/12/2025,18:00,"El Paso, Texas"
1106,1106,6,The Houston Opera House,11/12/2025,22:00,"Houston, Texas"
1107,1107,0,The New York City Music Festival,11/14/2025,12:00,"New York City, New York"
1108,1108,0,The New York City Philharmonic,11/14/2025,22:00,"New York City, New York"
1109,1109,33,The Kansas City Rave,11/14/2025,15:00,"Kansas City, Missouri"
1110,1110,709,The Bossier City Jazz Concert,11/14/2025,12:00,"Bossier City, Louisiana"
1111,1111,29,The Cleveland Philharmonic,11/16/2025,16:00,"Cleveland, Ohio"
1112,1112,21,The Baltimore Open Mic,11/17/2025,17:00,"Baltimore, Maryland"
1113,1113,3,The Miami Open Mic,11/18/2025,13:00,"Miami, Florida"
1114,1114,99,The Little Rock Music Festival,11/22/2025,14:00,"Little Rock, Arkansas"
1115,1115,80,The Akron Jazz Concert,11/23/2025,11:00,"Akron, Ohio"
1116,1116,6,The Houston Rave,11/26/2025,16:00,"Houston, Texas"
1117,1117,28,The San Jose Jazz Concert,12/1/2025,20:00,"San Jose, California"
1118,1118,21,The Baltimore Concert for Upcoming Artists,12/1/2025,22:00,"Baltimore, Maryland"
1119,1119,999,The Marina del Rey Jazz Concert,12/3/2025,11:00,"Marina del Rey, California"
1120,1120,97,The Reno Opera House,12/4/2025,17:00,"Reno, Nevada"
1121,1121,67,The Tulsa Open Mic,12/6/2025,20:00,"Tulsa, Oklahoma"
1122,1122,5,The Philadelphia Opera House,12/6/2025,14:00,"Philadelphia, Pennsylvania"
1123,1123,181,The Montgomery Rave,12/12/2025,10:00,"Montgomery, Alabama"
1124,1124,58,The Honolulu Concert for Upcoming Artists,12/12/2025,22:00,"Honolulu, Hawaii"
1125,1125,29,The Cleveland Opera House,12/15/2025,20:00,"Cleveland, Ohio"
1126,1126,563,The Flagstaff Open Mic,12/19/2025,22:00,"Flagstaff, Arizona"
1127,1127,33,The Kansas City Open Mic,12/20/2025,11:00,"Kansas City, Missouri"
1128,1128,67,The Tulsa Jazz Concert,12/23/2025,21:00,"Tulsa, Oklahoma"
1129,1129,53,The Fort Worth Music Festival,12/24/2025,22:00,"Fort Worth, Texas"
1130,1130,89,The Wichita Music Festival,12/24/2025,12:00,"Wichita, Kansas"
1131,1131,5,The Philadelphia Music Festival,12/26/2025,19:00,"Philadelphia, Pennsylvania"
1132,1132,35,The Indianapolis EDM festival,12/28/2025,11:00,"Indianapolis, Indiana"
1133,1133,29,The Cleveland Rave,12/28/2025,20:00,"Cleveland, Ohio"